STATE,ANDAMAN & NICOBAR ISLAND,ANDHRA PRADESH,ARUNACHAL PRADESH,ASSAM,BIHAR,CHANDIGARH,CHHATTISGARH,DELHI,GOA,GUJARAT,HARYANA,HIMACHAL PRADESH,JAMMU AND KASHMIR,JHARKHAND,KARNATAKA,KERALA,MADHYA PRADESH,MAHARASHTRA,MANIPUR,MEGHALAYA,ODISHA,PUDUCHERRY,PUNJAB,RAJASTHAN,TAMIL NADU,TRIPURA,UT OF DNH AND DD,UTTARAKHAND,UTTAR PRADESH,WEST BENGAL,,,,,,,,,,,,,,,,,,,,,,,,,,,,,,,,,,,,,,,,,,,,,,,,,,,,,,,,,,,,,,,,
JAN,0,1,0,382,479,10,121,1941,0,41,254,0,0,110,58,2,199,240,1,0,99,3,6,739,7,0,0,359,3441,508,,,,,,,,,,,,,,,,,,,,,,,,,,,,,,,,,,,,,,,,,,,,,,,,,,,,,,,,,,,,,,,,
FEB,0,0,0,396,169,22,86,1504,3,16,277,35,0,111,97,6,208,215,1,0,79,0,11,346,13,0,0,268,2855,651,,,,,,,,,,,,,,,,,,,,,,,,,,,,,,,,,,,,,,,,,,,,,,,,,,,,,,,,,,,,,,,,
MAR,0,37,0,407,443,22,156,1437,3,21,289,12,1,127,69,7,158,191,2,0,103,0,22,199,23,0,8,329,3029,598,,,,,,,,,,,,,,,,,,,,,,,,,,,,,,,,,,,,,,,,,,,,,,,,,,,,,,,,,,,,,,,,
APR,0,50,0,351,413,23,124,1493,3,26,240,12,1,106,155,12,177,208,2,0,95,0,20,61,15,0,9,307,2979,466,,,,,,,,,,,,,,,,,,,,,,,,,,,,,,,,,,,,,,,,,,,,,,,,,,,,,,,,,,,,,,,,
MAY,0,46,0,466,573,20,120,1410,1,28,338,0,10,136,219,18,140,218,2,0,95,0,11,54,43,0,0,366,3693,261,,,,,,,,,,,,,,,,,,,,,,,,,,,,,,,,,,,,,,,,,,,,,,,,,,,,,,,,,,,,,,,,
JUN,0,82,0,651,631,6,149,1297,0,28,274,0,11,148,235,27,185,243,4,0,95,17,8,166,70,0,0,314,3703,481,,,,,,,,,,,,,,,,,,,,,,,,,,,,,,,,,,,,,,,,,,,,,,,,,,,,,,,,,,,,,,,,
JUL,0,144,0,755,714,9,251,1618,3,41,287,0,5,158,176,23,240,277,1,0,89,8,29,245,76,0,0,565,5201,483,,,,,,,,,,,,,,,,,,,,,,,,,,,,,,,,,,,,,,,,,,,,,,,,,,,,,,,,,,,,,,,,
AUG,0,109,1,731,802,9,165,1889,3,32,479,0,6,161,228,18,225,379,3,0,97,7,31,445,110,1,1,509,4838,512,,,,,,,,,,,,,,,,,,,,,,,,,,,,,,,,,,,,,,,,,,,,,,,,,,,,,,,,,,,,,,,,
SEP,0,184,0,898,995,28,109,2216,4,42,456,0,17,200,334,45,228,464,7,2,121,10,26,374,195,8,0,496,5749,380,,,,,,,,,,,,,,,,,,,,,,,,,,,,,,,,,,,,,,,,,,,,,,,,,,,,,,,,,,,,,,,,
OCT,0,181,0,942,1090,30,115,2377,2,107,422,0,9,253,200,31,293,666,1,0,168,21,47,644,271,12,0,546,5654,906,,,,,,,,,,,,,,,,,,,,,,,,,,,,,,,,,,,,,,,,,,,,,,,,,,,,,,,,,,,,,,,,
NOV,0,175,0,820,1071,15,264,1929,2,59,641,3,19,177,318,44,282,732,5,0,193,8,97,649,311,7,0,333,5412,546,,,,,,,,,,,,,,,,,,,,,,,,,,,,,,,,,,,,,,,,,,,,,,,,,,,,,,,,,,,,,,,,
DEC,20,171,0,603,1088,19,243,1840,1,60,669,0,11,270,162,58,407,798,10,0,124,13,57,755,205,4,1,677,6677,936,,,,,,,,,,,,,,,,,,,,,,,,,,,,,,,,,,,,,,,,,,,,,,,,,,,,,,,,,,,,,,,,
JAN,0,134,0,415,765,13,252,1918,3,61,486,1,0,192,371,78,322,702,4,0,124,13,54,757,177,2,3,530,5084,915,,,,,,,,,,,,,,,,,,,,,,,,,,,,,,,,,,,,,,,,,,,,,,,,,,,,,,,,,,,,,,,,
FEB,0,296,0,546,1004,10,330,1525,2,87,416,0,2,117,359,37,356,680,20,0,106,10,168,638,253,25,1,479,3954,797,,,,,,,,,,,,,,,,,,,,,,,,,,,,,,,,,,,,,,,,,,,,,,,,,,,,,,,,,,,,,,,,
MAR,0,368,0,719,849,16,446,1907,3,164,637,0,18,68,1084,30,387,913,9,2,179,13,199,870,484,3,0,435,4308,1040,,,,,,,,,,,,,,,,,,,,,,,,,,,,,,,,,,,,,,,,,,,,,,,,,,,,,,,,,,,,,,,,
APR,0,307,0,653,669,16,227,1545,0,112,556,14,7,131,195,24,331,779,3,0,101,2,46,555,244,1,3,386,3732,578,,,,,,,,,,,,,,,,,,,,,,,,,,,,,,,,,,,,,,,,,,,,,,,,,,,,,,,,,,,,,,,,
MAY,2,80,0,866,558,9,149,1456,4,60,300,16,14,77,335,50,220,622,14,0,46,6,20,391,135,1,1,523,3784,368,,,,,,,,,,,,,,,,,,,,,,,,,,,,,,,,,,,,,,,,,,,,,,,,,,,,,,,,,,,,,,,,
JUN,0,193,0,880,487,162,128,1478,0,85,235,0,11,157,666,26,204,462,28,1,61,3,21,233,148,0,1,395,3957,1137,,,,,,,,,,,,,,,,,,,,,,,,,,,,,,,,,,,,,,,,,,,,,,,,,,,,,,,,,,,,,,,,
JUL,0,77,0,995,1088,30,175,1671,6,56,335,1,23,153,501,22,198,393,36,1,81,6,30,380,183,47,0,533,4665,795,,,,,,,,,,,,,,,,,,,,,,,,,,,,,,,,,,,,,,,,,,,,,,,,,,,,,,,,,,,,,,,,
AUG,0,150,0,1086,895,119,171,1979,4,47,379,0,0,144,407,25,285,464,44,2,77,2,25,391,247,252,0,514,4769,784,,,,,,,,,,,,,,,,,,,,,,,,,,,,,,,,,,,,,,,,,,,,,,,,,,,,,,,,,,,,,,,,
SEP,0,63,0,1175,1551,25,200,2230,2,46,484,0,0,279,352,36,252,441,15,5,76,3,26,414,347,144,0,493,4855,2630,,,,,,,,,,,,,,,,,,,,,,,,,,,,,,,,,,,,,,,,,,,,,,,,,,,,,,,,,,,,,,,,
OCT,0,117,0,1197,1342,32,210,2471,2,72,383,0,0,168,437,24,406,508,30,1,96,7,123,589,360,210,6,452,5279,1196,,,,,,,,,,,,,,,,,,,,,,,,,,,,,,,,,,,,,,,,,,,,,,,,,,,,,,,,,,,,,,,,
NOV,0,124,0,1391,1585,30,241,2763,10,72,485,22,0,219,725,64,381,881,19,1,138,11,147,744,553,281,1,539,5689,1891,,,,,,,,,,,,,,,,,,,,,,,,,,,,,,,,,,,,,,,,,,,,,,,,,,,,,,,,,,,,,,,,
DEC,0,247,1,943,1587,45,215,2277,6,85,412,0,0,227,704,93,344,473,29,0,75,5,102,674,321,493,3,538,5733,1403,,,,,,,,,,,,,,,,,,,,,,,,,,,,,,,,,,,,,,,,,,,,,,,,,,,,,,,,,,,,,,,,
JAN,0,110,0,733,1297,33,216,2514,2,93,370,0,1,177,1204,100,307,738,25,1,81,9,150,593,444,792,5,443,5483,937,,,,,,,,,,,,,,,,,,,,,,,,,,,,,,,,,,,,,,,,,,,,,,,,,,,,,,,,,,,,,,,,
FEB,3,114,0,1263,1523,23,176,2014,3,53,433,65,0,201,739,105,308,794,55,1,72,3,109,558,532,522,0,466,4866,1572,,,,,,,,,,,,,,,,,,,,,,,,,,,,,,,,,,,,,,,,,,,,,,,,,,,,,,,,,,,,,,,,
MAR,0,109,2,837,1680,7,164,1286,2,116,303,43,9,236,891,104,331,840,20,0,86,6,95,406,686,433,4,183,3424,1753,,,,,,,,,,,,,,,,,,,,,,,,,,,,,,,,,,,,,,,,,,,,,,,,,,,,,,,,,,,,,,,,
APR,0,20,1,2,22,23,4,7,0,6,48,0,5,24,5,0,58,9,1,0,1,0,7,23,0,1,0,11,328,374,,,,,,,,,,,,,,,,,,,,,,,,,,,,,,,,,,,,,,,,,,,,,,,,,,,,,,,,,,,,,,,,
MAY,0,1,0,74,48,0,20,120,2,0,20,0,0,2,331,21,32,133,0,0,20,2,1,31,98,108,2,5,165,74,,,,,,,,,,,,,,,,,,,,,,,,,,,,,,,,,,,,,,,,,,,,,,,,,,,,,,,,,,,,,,,,
JUN,10,79,0,547,846,15,137,525,3,103,135,8,1,59,494,41,199,312,0,0,61,4,40,243,286,200,2,128,1678,334,,,,,,,,,,,,,,,,,,,,,,,,,,,,,,,,,,,,,,,,,,,,,,,,,,,,,,,,,,,,,,,,
JUL,15,98,0,602,680,17,98,638,1,76,199,6,5,207,439,49,188,403,0,0,54,5,60,457,343,230,1,154,2142,631,,,,,,,,,,,,,,,,,,,,,,,,,,,,,,,,,,,,,,,,,,,,,,,,,,,,,,,,,,,,,,,,
AUG,0,196,0,629,938,58,68,739,4,192,285,6,9,80,648,107,242,491,0,0,61,4,44,347,534,205,0,155,2024,492,,,,,,,,,,,,,,,,,,,,,,,,,,,,,,,,,,,,,,,,,,,,,,,,,,,,,,,,,,,,,,,,
SEP,1,256,0,583,1562,83,111,630,7,80,293,21,6,128,777,190,418,610,1,0,134,12,99,704,673,191,1,200,2679,899,,,,,,,,,,,,,,,,,,,,,,,,,,,,,,,,,,,,,,,,,,,,,,,,,,,,,,,,,,,,,,,,
OCT,3,191,0,1007,1267,40,122,1005,19,112,229,6,7,98,1251,215,365,713,0,0,86,12,61,477,485,258,0,188,2061,1176,,,,,,,,,,,,,,,,,,,,,,,,,,,,,,,,,,,,,,,,,,,,,,,,,,,,,,,,,,,,,,,,
NOV,2,177,1,1006,1019,38,232,1556,24,151,228,22,18,157,1336,224,345,987,0,1,128,20,82,748,711,227,2,214,2724,1001,,,,,,,,,,,,,,,,,,,,,,,,,,,,,,,,,,,,,,,,,,,,,,,,,,,,,,,,,,,,,,,,
DEC,2,299,0,1074,1565,32,141,1341,15,142,438,4,13,147,1572,219,569,1099,2,0,119,13,84,1020,906,254,7,247,3693,838,,,,,,,,,,,,,,,,,,,,,,,,,,,,,,,,,,,,,,,,,,,,,,,,,,,,,,,,,,,,,,,,
JAN,15,312,0,887,1705,26,166,1445,31,178,254,7,12,166,1783,267,503,1122,2,0,150,13,89,845,1083,274,1,338,4430,928,,,,,,,,,,,,,,,,,,,,,,,,,,,,,,,,,,,,,,,,,,,,,,,,,,,,,,,,,,,,,,,,
FEB,26,446,0,1076,1592,20,237,1599,46,286,375,4,0,158,1698,366,499,1426,1,0,217,15,96,1116,2916,224,3,346,4438,859,,,,,,,,,,,,,,,,,,,,,,,,,,,,,,,,,,,,,,,,,,,,,,,,,,,,,,,,,,,,,,,,
MAR,31,1059,2,1472,2045,55,349,2202,80,360,525,16,104,311,2657,498,968,2095,9,0,328,34,291,2188,4035,239,2,437,5231,598,,,,,,,,,,,,,,,,,,,,,,,,,,,,,,,,,,,,,,,,,,,,,,,,,,,,,,,,,,,,,,,,
APR,9,621,0,1102,997,42,71,1120,55,201,490,10,22,166,1776,634,221,683,20,1,239,19,75,578,2009,247,1,229,3098,289,,,,,,,,,,,,,,,,,,,,,,,,,,,,,,,,,,,,,,,,,,,,,,,,,,,,,,,,,,,,,,,,
MAY,0,292,0,406,229,7,18,3,31,212,57,5,50,73,143,175,1,352,0,1,35,5,77,67,315,162,0,40,641,209,,,,,,,,,,,,,,,,,,,,,,,,,,,,,,,,,,,,,,,,,,,,,,,,,,,,,,,,,,,,,,,,
JUN,0,577,0,373,749,33,228,942,37,316,353,26,88,150,696,359,557,1167,0,0,215,31,139,912,996,89,3,237,2852,208,,,,,,,,,,,,,,,,,,,,,,,,,,,,,,,,,,,,,,,,,,,,,,,,,,,,,,,,,,,,,,,,
JUL,8,1088,0,944,1825,57,388,2406,75,473,423,22,204,251,3857,691,886,2542,15,2,363,38,508,2209,3079,99,8,347,4784,574,,,,,,,,,,,,,,,,,,,,,,,,,,,,,,,,,,,,,,,,,,,,,,,,,,,,,,,,,,,,,,,,
AUG,1,882,0,1031,1897,58,385,2605,41,760,863,33,122,290,3658,876,974,2837,38,0,514,36,464,2052,3161,184,2,527,5684,858,,,,,,,,,,,,,,,,,,,,,,,,,,,,,,,,,,,,,,,,,,,,,,,,,,,,,,,,,,,,,,,,
SEP,0,911,0,1511,2344,72,431,2879,121,1168,1264,35,158,407,4097,1054,1297,2559,6,0,539,52,724,2951,3217,177,1,645,7315,664,,,,,,,,,,,,,,,,,,,,,,,,,,,,,,,,,,,,,,,,,,,,,,,,,,,,,,,,,,,,,,,,
OCT,1,1139,0,1961,3173,108,485,3284,203,1671,1176,31,201,485,4156,1133,1090,4116,12,0,1024,32,551,2909,2749,202,2,641,8101,317,,,,,,,,,,,,,,,,,,,,,,,,,,,,,,,,,,,,,,,,,,,,,,,,,,,,,,,,,,,,,,,,
NOV,0,1286,0,2057,3075,143,705,3528,199,1753,1482,61,64,631,3887,1296,1686,4496,4,1,954,48,938,3772,3024,270,1,674,8601,456,,,,,,,,,,,,,,,,,,,,,,,,,,,,,,,,,,,,,,,,,,,,,,,,,,,,,,,,,,,,,,,,
DEC,1,1068,0,2812,3454,109,753,3789,177,2384,1402,76,121,652,4883,1391,1760,6514,7,0,1048,83,698,3870,3585,267,4,862,11535,450,,,,,,,,,,,,,,,,,,,,,,,,,,,,,,,,,,,,,,,,,,,,,,,,,,,,,,,,,,,,,,,,
JAN,0,1775,0,2200,3029,71,885,3408,220,2383,1293,26,88,592,4947,1726,1539,5759,9,1,1470,96,763,3473,4470,251,6,661,9831,512,,,,,,,,,,,,,,,,,,,,,,,,,,,,,,,,,,,,,,,,,,,,,,,,,,,,,,,,,,,,,,,,
FEB,0,2429,0,2576,2768,101,876,4548,327,2836,1260,63,165,626,6164,2181,1605,8197,12,2,1382,121,661,3995,4878,254,6,729,8595,744,,,,,,,,,,,,,,,,,,,,,,,,,,,,,,,,,,,,,,,,,,,,,,,,,,,,,,,,,,,,,,,,
MAR,2,3343,0,3458,4735,175,1304,5993,329,4876,1785,65,272,954,7866,3365,2499,12214,6,3,2606,186,1080,4612,8180,367,7,1037,10998,783,,,,,,,,,,,,,,,,,,,,,,,,,,,,,,,,,,,,,,,,,,,,,,,,,,,,,,,,,,,,,,,,
APR,1,2990,0,3187,2808,123,1776,3960,424,6974,1979,109,200,822,9449,3378,2023,8192,3,7,2449,86,1218,5134,5848,339,8,1393,11821,909,,,,,,,,,,,,,,,,,,,,,,,,,,,,,,,,,,,,,,,,,,,,,,,,,,,,,,,,,,,,,,,,
MAY,0,1764,0,3276,3308,165,1196,3510,506,4670,2280,77,245,781,6467,2809,2303,10169,4,3,1904,69,1031,5499,3931,299,18,1106,11721,809,,,,,,,,,,,,,,,,,,,,,,,,,,,,,,,,,,,,,,,,,,,,,,,,,,,,,,,,,,,,,,,,
JUN,0,1882,0,3099,3899,223,1508,4457,439,5765,2196,107,310,927,7530,3142,2542,9545,13,3,1903,95,978,5613,4604,314,10,1408,12458,894,,,,,,,,,,,,,,,,,,,,,,,,,,,,,,,,,,,,,,,,,,,,,,,,,,,,,,,,,,,,,,,,
JUL,0,2040,1,3164,3982,235,1830,5593,688,6054,2044,98,647,1332,6308,2480,2870,10002,26,5,2040,76,1115,6702,4631,246,9,1402,14385,871,,,,,,,,,,,,,,,,,,,,,,,,,,,,,,,,,,,,,,,,,,,,,,,,,,,,,,,,,,,,,,,,
AUG,0,2041,0,3487,5479,242,1860,4589,354,5567,2394,65,517,1264,8224,3609,3067,11365,32,2,2217,99,1064,6582,5846,285,14,1385,16429,921,,,,,,,,,,,,,,,,,,,,,,,,,,,,,,,,,,,,,,,,,,,,,,,,,,,,,,,,,,,,,,,,
SEP,0,2395,0,4299,7064,233,1766,4814,447,5774,2253,73,597,1202,8572,3728,3580,12287,15,7,2432,120,1228,7141,5521,457,15,1321,16546,1029,,,,,,,,,,,,,,,,,,,,,,,,,,,,,,,,,,,,,,,,,,,,,,,,,,,,,,,,,,,,,,,,
OCT,0,2737,0,3394,6193,352,3211,8153,748,6933,2746,82,578,1662,10778,4301,4843,17898,64,6,3979,184,1386,11797,5857,364,9,1665,16875,707,,,,,,,,,,,,,,,,,,,,,,,,,,,,,,,,,,,,,,,,,,,,,,,,,,,,,,,,,,,,,,,,
NOV,7,2971,0,4413,6112,416,3526,6155,631,8806,3055,139,533,1823,10948,4272,5325,15530,50,3,3318,162,1954,10284,7725,403,18,1882,19538,1578,,,,,,,,,,,,,,,,,,,,,,,,,,,,,,,,,,,,,,,,,,,,,,,,,,,,,,,,,,,,,,,,
DEC,13,2991,1,4148,6377,383,2624,7065,569,8353,2587,107,539,1695,8560,4642,4621,14848,107,1,2745,187,1581,7424,5529,599,22,1570,13713,1393,,,,,,,,,,,,,,,,,,,,,,,,,,,,,,,,,,,,,,,,,,,,,,,,,,,,,,,,,,,,,,,,
JAN,0,2948,0,3492,5022,458,2644,5573,710,6385,2219,87,357,1288,10980,5225,4105,15496,86,7,2821,203,1289,6421,5833,346,11,1097,16809,968,,,,,,,,,,,,,,,,,,,,,,,,,,,,,,,,,,,,,,,,,,,,,,,,,,,,,,,,,,,,,,,,
FEB,0,3302,0,4209,5865,406,2630,5285,718,7156,2319,91,509,1605,11258,6481,3863,13803,96,4,2868,187,1252,6780,7209,306,19,1145,16503,1335,,,,,,,,,,,,,,,,,,,,,,,,,,,,,,,,,,,,,,,,,,,,,,,,,,,,,,,,,,,,,,,,
MAR,2,3927,0,5098,6502,664,3139,7969,954,8681,2648,103,608,1674,14906,8236,6186,19511,45,4,3655,271,1934,8958,9345,431,9,1389,22216,1847,,,,,,,,,,,,,,,,,,,,,,,,,,,,,,,,,,,,,,,,,,,,,,,,,,,,,,,,,,,,,,,,
APR,1,3949,1,4001,5229,352,2419,5184,756,9139,2643,112,565,1583,10969,5634,3436,14596,69,5,3197,163,1189,5716,7419,432,8,1322,19735,1531,,,,,,,,,,,,,,,,,,,,,,,,,,,,,,,,,,,,,,,,,,,,,,,,,,,,,,,,,,,,,,,,
MAY,0,4776,1,5810,6672,528,3574,7633,991,10563,3077,157,899,1591,18892,8666,6369,22810,24,10,4247,400,2740,9693,11495,589,12,1683,22251,2290,,,,,,,,,,,,,,,,,,,,,,,,,,,,,,,,,,,,,,,,,,,,,,,,,,,,,,,,,,,,,,,,
JUN,1,1330,0,5103,6140,457,2348,4905,618,4987,2460,80,845,1541,9455,5201,4422,10719,4,7,2640,154,2119,6227,6163,505,6,1478,21396,1328,,,,,,,,,,,,,,,,,,,,,,,,,,,,,,,,,,,,,,,,,,,,,,,,,,,,,,,,,,,,,,,,
JUL,3,1710,2,5326,7608,469,2790,4924,654,6297,2182,75,885,1919,11603,5290,5466,12212,12,23,3361,210,1975,7105,7294,606,9,1424,23870,1312,,,,,,,,,,,,,,,,,,,,,,,,,,,,,,,,,,,,,,,,,,,,,,,,,,,,,,,,,,,,,,,,
AUG,3,2085,4,5596,7807,525,3337,4945,809,6629,2476,80,959,1657,11435,6102,7218,14365,22,22,3317,229,2413,7759,7403,662,10,1475,26410,1456,,,,,,,,,,,,,,,,,,,,,,,,,,,,,,,,,,,,,,,,,,,,,,,,,,,,,,,,,,,,,,,,
SEP,1,1657,4,6587,9393,578,3349,4849,633,8176,2066,79,947,1918,12181,5737,6125,14147,2,14,3612,156,2601,7736,6248,538,21,1247,26388,1554,,,,,,,,,,,,,,,,,,,,,,,,,,,,,,,,,,,,,,,,,,,,,,,,,,,,,,,,,,,,,,,,
OCT,2,2102,2,6148,9727,605,3479,6032,661,9351,2716,61,1042,1857,12997,6273,6297,18463,12,4,4739,207,2802,8181,7439,563,17,1291,25293,1995,,,,,,,,,,,,,,,,,,,,,,,,,,,,,,,,,,,,,,,,,,,,,,,,,,,,,,,,,,,,,,,,
NOV,4,2343,2,4840,8956,688,5477,6932,1097,6285,2406,82,1149,2356,15930,6689,8205,21416,13,11,5067,211,2966,11343,8081,770,18,1657,27175,1979,,,,,,,,,,,,,,,,,,,,,,,,,,,,,,,,,,,,,,,,,,,,,,,,,,,,,,,,,,,,,,,,
DEC,9,2743,4,4582,9301,674,3056,9486,884,4969,3298,129,985,2138,12085,6281,6287,16711,14,4,5024,247,2470,7885,6364,564,20,1589,30308,3837,,,,,,,,,,,,,,,,,,,,,,,,,,,,,,,,,,,,,,,,,,,,,,,,,,,,,,,,,,,,,,,,
JAN,3,2528,5,4262,8377,574,3680,7601,931,6289,3594,108,1039,1696,14454,8044,6905,18893,29,28,4443,331,2465,7430,8743,532,35,1235,28032,2752,,,,,,,,,,,,,,,,,,,,,,,,,,,,,,,,,,,,,,,,,,,,,,,,,,,,,,,,,,,,,,,,
FEB,6,3202,4,4707,7716,473,3497,5648,1099,5951,3031,98,1095,1847,14396,6945,7032,18039,50,30,4419,418,3362,8049,9817,591,30,1450,26031,2664,,,,,,,,,,,,,,,,,,,,,,,,,,,,,,,,,,,,,,,,,,,,,,,,,,,,,,,,,,,,,,,,
MAR,3,7934,2,6997,9572,631,5167,11126,1931,9917,3659,142,1266,2244,26408,10177,9674,30304,18,353,7928,524,4921,12623,14907,1216,35,1391,29749,3968,,,,,,,,,,,,,,,,,,,,,,,,,,,,,,,,,,,,,,,,,,,,,,,,,,,,,,,,,,,,,,,,
APR,14,3545,6,4183,7279,379,2961,5683,1012,4860,2898,132,777,1505,9161,4922,4787,14851,11,73,4682,296,3677,6522,8276,378,38,1158,22233,2722,,,,,,,,,,,,,,,,,,,,,,,,,,,,,,,,,,,,,,,,,,,,,,,,,,,,,,,,,,,,,,,,
MAY,4,6535,1,5789,8801,490,3145,6086,910,6016,3314,173,807,1785,11856,6459,6146,15992,29,35,5474,329,3856,7441,8496,567,42,1834,28886,2816,,,,,,,,,,,,,,,,,,,,,,,,,,,,,,,,,,,,,,,,,,,,,,,,,,,,,,,,,,,,,,,,
JUN,4,5331,7,5689,9039,511,3678,5625,786,6064,3300,170,921,2206,12875,5702,6882,15882,28,31,4680,334,2910,7707,10101,785,32,1622,28404,3000,,,,,,,,,,,,,,,,,,,,,,,,,,,,,,,,,,,,,,,,,,,,,,,,,,,,,,,,,,,,,,,,
JUL,3,5742,13,6767,10359,739,4702,8597,808,9059,3511,227,1255,2742,15295,6760,9048,21887,69,117,6325,504,4320,11019,14814,1082,63,1858,34995,4510,,,,,,,,,,,,,,,,,,,,,,,,,,,,,,,,,,,,,,,,,,,,,,,,,,,,,,,,,,,,,,,,
AUG,9,3341,6,6545,10329,634,4608,6177,713,6000,4790,198,1240,2122,15488,7137,7488,17961,41,9,5257,378,4137,8194,11673,566,70,1566,34160,4204,,,,,,,,,,,,,,,,,,,,,,,,,,,,,,,,,,,,,,,,,,,,,,,,,,,,,,,,,,,,,,,,
SEP,6,3276,12,6869,10913,592,3225,5849,1206,5775,4568,192,1170,2284,15237,9043,8054,19187,14,37,4363,434,3988,7787,13019,1047,36,2018,32086,5015,,,,,,,,,,,,,,,,,,,,,,,,,,,,,,,,,,,,,,,,,,,,,,,,,,,,,,,,,,,,,,,,
OCT,12,5081,16,6001,11826,904,6955,7888,1134,10129,5980,207,1557,3013,21637,7684,14283,34221,30,38,7908,457,4793,15533,12315,1071,43,2096,42118,4687,,,,,,,,,,,,,,,,,,,,,,,,,,,,,,,,,,,,,,,,,,,,,,,,,,,,,,,,,,,,,,,,
NOV,8,7041,17,5863,10350,621,4963,7628,575,5361,5110,243,1335,2481,16795,7806,13413,24669,47,69,6332,391,5080,12222,13466,962,37,2438,39925,4920,,,,,,,,,,,,,,,,,,,,,,,,,,,,,,,,,,,,,,,,,,,,,,,,,,,,,,,,,,,,,,,,
DEC,10,3941,8,4752,8580,521,2885,7403,650,4930,4101,224,906,2357,11783,6213,7698,18976,79,27,4167,346,3642,6689,9897,827,31,1555,31816,5312,,,,,,,,,,,,,,,,,,,,,,,,,,,,,,,,,,,,,,,,,,,,,,,,,,,,,,,,,,,,,,,,
JAN,6,2994,17,5156,9265,603,4201,9340,981,5780,4385,253,910,2139,17802,8762,10029,23797,55,59,5014,424,3891,8903,14284,822,80,1551,33546,5743,,,,,,,,,,,,,,,,,,,,,,,,,,,,,,,,,,,,,,,,,,,,,,,,,,,,,,,,,,,,,,,,
FEB,5,4568,17,4679,7916,430,3144,8878,634,4640,3123,237,794,2041,13237,7099,8382,16575,60,41,4510,396,3289,6860,12204,823,36,1109,27480,4471,,,,,,,,,,,,,,,,,,,,,,,,,,,,,,,,,,,,,,,,,,,,,,,,,,,,,,,,,,,,,,,,
MAR,19,5024,18,6049,9416,612,4414,11150,1087,6900,3300,220,957,2626,21356,10610,12942,35071,38,43,7540,447,5159,10505,14862,921,38,1399,35471,6245,,,,,,,,,,,,,,,,,,,,,,,,,,,,,,,,,,,,,,,,,,,,,,,,,,,,,,,,,,,,,,,,
APR,6,5058,21,5844,7872,467,3539,9401,663,6010,4437,169,907,2047,15249,8421,9034,20958,83,49,5952,408,3846,8051,13030,821,56,1494,39748,5087,,,,,,,,,,,,,,,,,,,,,,,,,,,,,,,,,,,,,,,,,,,,,,,,,,,,,,,,,,,,,,,,
MAY,11,4684,27,7586,9270,467,3749,10832,650,6683,4167,202,976,2732,16586,9708,10214,20757,34,72,6540,392,4195,9108,12385,761,44,1766,40015,5466,,,,,,,,,,,,,,,,,,,,,,,,,,,,,,,,,,,,,,,,,,,,,,,,,,,,,,,,,,,,,,,,
JUN,10,4717,21,7534,10194,572,4106,9019,959,7623,4267,243,980,2778,17109,9451,11300,21438,129,100,6689,431,4376,9364,14267,849,37,1714,34550,5448,,,,,,,,,,,,,,,,,,,,,,,,,,,,,,,,,,,,,,,,,,,,,,,,,,,,,,,,,,,,,,,,
JUL,25,4865,25,8596,11532,615,4078,10541,667,6934,4275,189,1306,3163,16699,9653,12453,21868,73,124,6427,539,4920,9859,14706,862,50,2009,36336,6343,,,,,,,,,,,,,,,,,,,,,,,,,,,,,,,,,,,,,,,,,,,,,,,,,,,,,,,,,,,,,,,,
AUG,19,4849,21,8554,10941,564,3597,11477,886,6959,3793,206,998,3180,20088,11692,10887,23861,149,96,5881,348,4053,9536,14315,774,39,1913,32499,5586,,,,,,,,,,,,,,,,,,,,,,,,,,,,,,,,,,,,,,,,,,,,,,,,,,,,,,,,,,,,,,,,
SEP,22,4368,7,8280,6999,632,3991,11312,890,8319,3529,158,895,3141,18624,10595,12707,20886,149,92,7016,388,3572,9421,15043,810,47,1730,31336,6391,,,,,,,,,,,,,,,,,,,,,,,,,,,,,,,,,,,,,,,,,,,,,,,,,,,,,,,,,,,,,,,,
OCT,26,7444,20,8174,15900,592,6138,12031,1026,9231,4240,228,1397,3819,22827,9365,18540,32294,173,116,9287,433,4755,16098,15610,1016,58,2292,36900,5763,,,,,,,,,,,,,,,,,,,,,,,,,,,,,,,,,,,,,,,,,,,,,,,,,,,,,,,,,,,,,,,,
