Month,State_EV_Group,Vehicle_Category,Vehicle_Class,Log_EV_Sales_Quantityy,Type,exp-1,State_EV_Category_1,Vehicle_Category_1
9,0,4,0,0.06955267,Forecast,-2.630693079,High-EV-Adoption-States,Others
9,2,4,0,0.03986425,Forecast,-3.202277008,Moderate-EV-Adoption-States,Others
9,1,4,0,0.056727406,Forecast,-2.841000051,Low-EV-Adoption-States,Others
9,0,4,1,0.060488217,Forecast,-2.774910138,High-EV-Adoption-States,Others
9,2,4,1,0.0981632,Forecast,-2.271640811,Moderate-EV-Adoption-States,Others
9,1,4,1,0.08694146,Forecast,-2.398734599,Low-EV-Adoption-States,Others
9,0,4,2,0.007536257,Forecast,-4.884259144,High-EV-Adoption-States,Others
9,2,4,2,0.014063229,Forecast,-4.257151905,Moderate-EV-Adoption-States,Others
9,1,4,2,0.03998095,Forecast,-3.199295111,Low-EV-Adoption-States,Others
9,0,4,3,0.380623,Forecast,-0.769605255,High-EV-Adoption-States,Others
9,2,4,3,0.23389558,Forecast,-1.333654287,Moderate-EV-Adoption-States,Others
9,1,4,3,0.26431802,Forecast,-1.195533962,Low-EV-Adoption-States,Others
9,0,3,4,-0.81218404,Forecast,#NUM!,High-EV-Adoption-States,Bus
9,2,3,4,0.72326326,Forecast,0.059351634,Moderate-EV-Adoption-States,Bus
9,1,3,4,-0.06211858,Forecast,#NUM!,Low-EV-Adoption-States,Bus
9,0,4,5,0.31974018,Forecast,-0.976120343,High-EV-Adoption-States,Others
9,2,4,5,0.35583267,Forecast,-0.850108203,Moderate-EV-Adoption-States,Others
9,1,4,5,0.3908811,Forecast,-0.737553225,Low-EV-Adoption-States,Others
9,0,4,6,0.55459285,Forecast,-0.29944175,High-EV-Adoption-States,Others
9,2,4,6,0.37426654,Forecast,-0.789824113,Moderate-EV-Adoption-States,Others
9,1,4,6,0.40931496,Forecast,-0.681641806,Low-EV-Adoption-States,Others
9,0,3,9,0.7275242,Forecast,0.06761143,High-EV-Adoption-States,Bus
9,2,3,9,0.26966187,Forecast,-1.17272744,Moderate-EV-Adoption-States,Bus
9,1,3,9,0.30481678,Forecast,-1.031767621,Low-EV-Adoption-States,Bus
9,0,1,8,1.4815696,Forecast,1.223730214,High-EV-Adoption-States,3-Wheelers
9,2,1,8,1.4011464,Forecast,1.11836639,Moderate-EV-Adoption-States,3-Wheelers
9,1,1,8,0.891947,Forecast,0.364556629,Low-EV-Adoption-States,3-Wheelers
9,0,1,7,1.1989532,Forecast,0.84011926,High-EV-Adoption-States,3-Wheelers
9,2,1,7,1.5404148,Forecast,1.299244495,Moderate-EV-Adoption-States,3-Wheelers
9,1,1,7,1.4983164,Forecast,1.245349858,Low-EV-Adoption-States,3-Wheelers
9,0,4,10,-0.079455316,Forecast,#NUM!,High-EV-Adoption-States,Others
9,2,4,10,-0.03519381,Forecast,#NUM!,Moderate-EV-Adoption-States,Others
9,1,4,10,-0.042152382,Forecast,#NUM!,Low-EV-Adoption-States,Others
9,0,4,11,0.22795671,Forecast,-1.362456941,High-EV-Adoption-States,Others
9,2,4,11,0.19357255,Forecast,-1.54375585,Moderate-EV-Adoption-States,Others
9,1,4,11,0.2322342,Forecast,-1.341645646,Low-EV-Adoption-States,Others
9,0,2,12,3.0149255,Forecast,2.964632243,High-EV-Adoption-States,4-Wheelers
9,2,2,12,0.5156369,Forecast,-0.393480044,Moderate-EV-Adoption-States,4-Wheelers
9,1,2,12,0.25185257,Forecast,-1.250343608,Low-EV-Adoption-States,4-Wheelers
9,0,2,15,0.25156868,Forecast,-1.251619344,High-EV-Adoption-States,4-Wheelers
9,2,2,15,1.00574,Forecast,0.550390296,Moderate-EV-Adoption-States,4-Wheelers
9,1,2,15,0.014880561,Forecast,-4.200250042,Low-EV-Adoption-States,4-Wheelers
9,0,0,13,3.0642414,Forecast,3.01642705,High-EV-Adoption-States,2-Wheelers
9,2,0,13,3.0760303,Forecast,3.028789768,Moderate-EV-Adoption-States,2-Wheelers
9,1,0,13,1.3758434,Forecast,1.08465326,Low-EV-Adoption-States,2-Wheelers
9,0,0,14,1.0574774,Forecast,0.63079241,High-EV-Adoption-States,2-Wheelers
9,2,0,14,2.1158605,Forecast,1.98742521,Moderate-EV-Adoption-States,2-Wheelers
9,1,0,14,0.5303521,Forecast,-0.357345729,Low-EV-Adoption-States,2-Wheelers
9,0,4,16,-0.06359201,Forecast,#NUM!,High-EV-Adoption-States,Others
9,2,4,16,0.016364964,Forecast,-4.10441893,Moderate-EV-Adoption-States,Others
9,1,4,16,0.036019832,Forecast,-3.305621628,Low-EV-Adoption-States,Others
9,0,0,17,1.5767782,Forecast,1.345300291,High-EV-Adoption-States,2-Wheelers
9,2,0,17,1.8655932,Forecast,1.697406057,Moderate-EV-Adoption-States,2-Wheelers
9,1,0,17,1.7253054,Forecast,1.529146167,Low-EV-Adoption-States,2-Wheelers
9,0,2,18,2.4777386,Forecast,2.390073027,High-EV-Adoption-States,4-Wheelers
9,2,2,18,1.4015161,Forecast,1.118856883,Moderate-EV-Adoption-States,4-Wheelers
9,1,2,18,0.5519186,Forecast,-0.305735215,Low-EV-Adoption-States,4-Wheelers
9,0,2,19,0.7756323,Forecast,0.15868185,High-EV-Adoption-States,4-Wheelers
9,2,2,19,0.40630263,Forecast,-0.690636716,Moderate-EV-Adoption-States,4-Wheelers
9,1,2,19,0.20064378,Forecast,-1.504225441,Low-EV-Adoption-States,4-Wheelers
9,0,0,20,1.6927258,Forecast,1.489363742,High-EV-Adoption-States,2-Wheelers
9,2,0,20,1.8179898,Forecast,1.640832745,Moderate-EV-Adoption-States,2-Wheelers
9,1,0,20,0.12608811,Forecast,-2.007067938,Low-EV-Adoption-States,2-Wheelers
9,0,0,21,2.8833086,Forecast,2.825733149,High-EV-Adoption-States,2-Wheelers
9,2,0,21,2.3495429,Forecast,2.249266366,Moderate-EV-Adoption-States,2-Wheelers
9,1,0,21,2.0896382,Forecast,1.957555022,Low-EV-Adoption-States,2-Wheelers
9,0,0,22,1.4086436,Forecast,1.128301638,High-EV-Adoption-States,2-Wheelers
9,2,0,22,1.8484316,Forecast,1.677069009,Moderate-EV-Adoption-States,2-Wheelers
9,1,0,22,1.7075657,Forecast,1.507520063,Low-EV-Adoption-States,2-Wheelers
9,0,3,23,-0.3443824,Forecast,#NUM!,High-EV-Adoption-States,Bus
9,2,3,23,0.08126746,Forecast,-2.46910069,Moderate-EV-Adoption-States,Bus
9,1,3,23,-0.073755264,Forecast,#NUM!,Low-EV-Adoption-States,Bus
9,0,2,24,0.79681224,Forecast,0.197585906,High-EV-Adoption-States,4-Wheelers
9,2,2,24,0.19595686,Forecast,-1.530282866,Moderate-EV-Adoption-States,4-Wheelers
9,1,2,24,0.005100337,Forecast,-5.275897411,Low-EV-Adoption-States,4-Wheelers
9,0,2,25,1.5456367,Forecast,1.305885885,High-EV-Adoption-States,4-Wheelers
9,2,2,25,0.4497277,Forecast,-0.565836007,Moderate-EV-Adoption-States,4-Wheelers
9,1,2,25,0.24930742,Forecast,-1.261826398,Low-EV-Adoption-States,4-Wheelers
9,0,2,26,0.47005773,Forecast,-0.510681362,High-EV-Adoption-States,4-Wheelers
9,2,2,26,1.1929749,Forecast,0.831549288,Moderate-EV-Adoption-States,4-Wheelers
9,1,2,26,0.1569434,Forecast,-1.772372257,Low-EV-Adoption-States,4-Wheelers
9,0,4,27,-0.028203225,Forecast,#NUM!,High-EV-Adoption-States,Others
9,2,4,27,-0.016137011,Forecast,#NUM!,Moderate-EV-Adoption-States,Others
9,1,4,27,0.019128239,Forecast,-3.947010189,Low-EV-Adoption-States,Others
9,0,1,28,1.911213,Forecast,1.751160586,High-EV-Adoption-States,3-Wheelers
9,2,1,28,2.08946,Forecast,1.957351657,Moderate-EV-Adoption-States,3-Wheelers
9,1,1,28,1.9957706,Forecast,1.849693544,Low-EV-Adoption-States,3-Wheelers
9,0,1,29,2.8303123,Forecast,2.769506083,High-EV-Adoption-States,3-Wheelers
9,2,1,29,3.9704945,Forecast,3.951450201,Moderate-EV-Adoption-States,3-Wheelers
9,1,1,29,4.1841455,Forecast,4.168793033,Low-EV-Adoption-States,3-Wheelers
9,0,1,30,2.206864,Forecast,2.090279385,High-EV-Adoption-States,3-Wheelers
9,2,1,30,1.5720298,Forecast,1.339311405,Moderate-EV-Adoption-States,3-Wheelers
9,1,1,30,1.0289416,Forecast,0.586732084,Low-EV-Adoption-States,3-Wheelers
9,0,4,31,0.6718082,Forecast,-0.04314326,High-EV-Adoption-States,Others
9,2,4,31,0.27998382,Forecast,-1.129767395,Moderate-EV-Adoption-States,Others
9,1,4,31,0.25358376,Forecast,-1.242591287,Low-EV-Adoption-States,Others
10,0,4,0,0.2895378,Forecast,-1.091209952,High-EV-Adoption-States,Others
10,2,4,0,0.22008748,Forecast,-1.401668979,Moderate-EV-Adoption-States,Others
10,1,4,0,0.09248049,Forecast,-2.334160996,Low-EV-Adoption-States,Others
10,0,4,1,0.05110378,Forecast,-2.948236108,High-EV-Adoption-States,Others
10,2,4,1,0.06033511,Forecast,-2.777521859,Moderate-EV-Adoption-States,Others
10,1,4,1,0.02511287,Forecast,-3.671792103,Low-EV-Adoption-States,Others
10,0,4,2,0.06975513,Forecast,-2.627684015,High-EV-Adoption-States,Others
10,2,4,2,0.04598649,Forecast,-3.056326263,Moderate-EV-Adoption-States,Others
10,1,4,2,0.019910848,Forecast,-3.906518628,Low-EV-Adoption-States,Others
10,0,4,3,0.31226382,Forecast,-1.003715396,High-EV-Adoption-States,Others
10,2,4,3,0.2043609,Forecast,-1.483947745,Moderate-EV-Adoption-States,Others
10,1,4,3,0.17683938,Forecast,-1.642791058,Low-EV-Adoption-States,Others
10,0,3,4,-0.24600305,Forecast,#NUM!,High-EV-Adoption-States,Bus
10,2,3,4,0.96100575,Forecast,0.478916608,Moderate-EV-Adoption-States,Bus
10,1,3,4,0.0890876,Forecast,-2.373260654,Low-EV-Adoption-States,Bus
10,0,4,5,0.4924426,Forecast,-0.452072259,High-EV-Adoption-States,Others
10,2,4,5,0.4615361,Forecast,-0.533567008,Moderate-EV-Adoption-States,Others
10,1,4,5,0.42909282,Forecast,-0.623875653,Low-EV-Adoption-States,Others
10,0,4,6,0.7030439,Forecast,0.019696453,High-EV-Adoption-States,Others
10,2,4,6,0.48912203,Forecast,-0.460633706,Moderate-EV-Adoption-States,Others
10,1,4,6,0.45667887,Forecast,-0.546760628,Low-EV-Adoption-States,Others
10,0,3,9,0.659292,Forecast,-0.068896819,High-EV-Adoption-States,Bus
10,2,3,9,-0.009497738,Forecast,#NUM!,Moderate-EV-Adoption-States,Bus
10,1,3,9,-0.02473234,Forecast,#NUM!,Low-EV-Adoption-States,Bus
10,0,1,8,0.31079337,Forecast,-1.009208854,High-EV-Adoption-States,3-Wheelers
10,2,1,8,0.028367057,Forecast,-3.548309715,Moderate-EV-Adoption-States,3-Wheelers
10,1,1,8,-0.3525892,Forecast,#NUM!,Low-EV-Adoption-States,3-Wheelers
10,0,1,7,1.174414,Forecast,0.804798544,High-EV-Adoption-States,3-Wheelers
10,2,1,7,1.3046597,Forecast,0.988214808,Moderate-EV-Adoption-States,3-Wheelers
10,1,1,7,1.2353964,Forecast,0.891892199,Low-EV-Adoption-States,3-Wheelers
10,0,4,10,0.046744615,Forecast,-3.039592867,High-EV-Adoption-States,Others
10,2,4,10,0.04322796,Forecast,-3.119575931,Moderate-EV-Adoption-States,Others
10,1,4,10,0.015387383,Forecast,-4.166503834,Low-EV-Adoption-States,Others
10,0,4,11,0.33126226,Forecast,-0.934645656,High-EV-Adoption-States,Others
10,2,4,11,0.30764458,Forecast,-1.02104739,Moderate-EV-Adoption-States,Others
10,1,4,11,0.2199388,Forecast,-1.40242182,Low-EV-Adoption-States,Others
10,0,2,12,3.5933008,Forecast,3.565408004,High-EV-Adoption-States,4-Wheelers
10,2,2,12,1.2822196,Forecast,0.957291281,Moderate-EV-Adoption-States,4-Wheelers
10,1,2,12,0.69403255,Forecast,0.001769956,Low-EV-Adoption-States,4-Wheelers
10,0,2,15,0.6346437,Forecast,-0.120643468,High-EV-Adoption-States,4-Wheelers
10,2,2,15,1.505982,Forecast,1.255211078,Moderate-EV-Adoption-States,4-Wheelers
10,1,2,15,0.13079458,Forecast,-1.968017289,Low-EV-Adoption-States,4-Wheelers
10,0,0,13,2.6048641,Forecast,2.528076808,High-EV-Adoption-States,2-Wheelers
10,2,0,13,2.2507591,Forecast,2.139470776,Moderate-EV-Adoption-States,2-Wheelers
10,1,0,13,1.0106357,Forecast,0.558098608,Low-EV-Adoption-States,2-Wheelers
10,0,0,14,0.39424986,Forecast,-0.727177473,High-EV-Adoption-States,2-Wheelers
10,2,0,14,0.92328393,Forecast,0.417093416,Moderate-EV-Adoption-States,2-Wheelers
10,1,0,14,-0.40727457,Forecast,#NUM!,Low-EV-Adoption-States,2-Wheelers
10,0,4,16,0.11534716,Forecast,-2.101581023,High-EV-Adoption-States,Others
10,2,4,16,0.15012334,Forecast,-1.82029752,Moderate-EV-Adoption-States,Others
10,1,4,16,0.11789576,Forecast,-2.07842748,Low-EV-Adoption-States,Others
10,0,0,17,0.89530295,Forecast,0.370236692,High-EV-Adoption-States,2-Wheelers
10,2,0,17,1.220385,Forecast,0.870662226,Moderate-EV-Adoption-States,2-Wheelers
10,1,0,17,1.0274175,Forecast,0.584359362,Low-EV-Adoption-States,2-Wheelers
10,0,2,18,3.233143,Forecast,3.192911076,High-EV-Adoption-States,4-Wheelers
10,2,2,18,2.2371912,Forecast,2.124293523,Moderate-EV-Adoption-States,4-Wheelers
10,1,2,18,0.916079,Forecast,0.405112197,Low-EV-Adoption-States,4-Wheelers
10,0,2,19,0.6221992,Forecast,-0.147316608,High-EV-Adoption-States,4-Wheelers
10,2,2,19,0.55827713,Forecast,-0.2908084,Moderate-EV-Adoption-States,4-Wheelers
10,1,2,19,0.000330601,Forecast,-8.014433043,Low-EV-Adoption-States,4-Wheelers
10,0,0,20,0.8759737,Forecast,0.337337731,High-EV-Adoption-States,2-Wheelers
10,2,0,20,0.6610279,Forecast,-0.065304543,Moderate-EV-Adoption-States,2-Wheelers
10,1,0,20,-0.57007843,Forecast,#NUM!,Low-EV-Adoption-States,2-Wheelers
10,0,0,21,2.6989932,Forecast,2.62935025,High-EV-Adoption-States,2-Wheelers
10,2,0,21,1.863581,Forecast,1.695024867,Moderate-EV-Adoption-States,2-Wheelers
10,1,0,21,1.5752552,Forecast,1.343380227,Low-EV-Adoption-States,2-Wheelers
10,0,0,22,0.10065362,Forecast,-2.245321256,High-EV-Adoption-States,2-Wheelers
10,2,0,22,0.59669507,Forecast,-0.203210093,Moderate-EV-Adoption-States,2-Wheelers
10,1,0,22,0.40150422,Forecast,-0.705077224,Low-EV-Adoption-States,2-Wheelers
10,0,3,23,-0.2969568,Forecast,#NUM!,High-EV-Adoption-States,Bus
10,2,3,23,0.055207267,Forecast,-2.868930062,Moderate-EV-Adoption-States,Bus
10,1,3,23,-0.1416807,Forecast,#NUM!,Low-EV-Adoption-States,Bus
10,0,2,24,0.88736004,Forecast,0.356771579,High-EV-Adoption-States,4-Wheelers
10,2,2,24,0.47017312,Forecast,-0.510373712,Moderate-EV-Adoption-States,4-Wheelers
10,1,2,24,-0.0894687,Forecast,#NUM!,Low-EV-Adoption-States,4-Wheelers
10,0,2,25,1.2868779,Forecast,0.963732299,High-EV-Adoption-States,4-Wheelers
10,2,2,25,0.55522984,Forecast,-0.297946036,Moderate-EV-Adoption-States,4-Wheelers
10,1,2,25,0.019973429,Forecast,-3.903349102,Low-EV-Adoption-States,4-Wheelers
10,0,2,26,0.968026,Forecast,0.49026099,High-EV-Adoption-States,4-Wheelers
10,2,2,26,1.7474244,Forecast,1.555994981,Moderate-EV-Adoption-States,4-Wheelers
10,1,2,26,0.34661826,Forecast,-0.881221083,Low-EV-Adoption-States,4-Wheelers
10,0,4,27,0.11494179,Forecast,-2.105308134,High-EV-Adoption-States,Others
10,2,4,27,0.15244336,Forecast,-1.803772378,Moderate-EV-Adoption-States,Others
10,1,4,27,0.10099478,Forecast,-2.241764095,Low-EV-Adoption-States,Others
10,0,1,28,1.7265166,Forecast,1.530619666,High-EV-Adoption-States,3-Wheelers
10,2,1,28,1.9430993,Forecast,1.788479376,Moderate-EV-Adoption-States,3-Wheelers
10,1,1,28,1.7777214,Forecast,1.592568425,Low-EV-Adoption-States,3-Wheelers
10,0,1,29,2.6258173,Forecast,2.550683566,High-EV-Adoption-States,3-Wheelers
10,2,1,29,3.670771,Forecast,3.644984533,Moderate-EV-Adoption-States,3-Wheelers
10,1,1,29,3.8700511,Forecast,3.84897321,Low-EV-Adoption-States,3-Wheelers
10,0,1,30,1.3258209,Forecast,1.017140088,High-EV-Adoption-States,3-Wheelers
10,2,1,30,0.8020808,Forecast,0.207157781,Moderate-EV-Adoption-States,3-Wheelers
10,1,1,30,0.23824812,Forecast,-1.312954595,Low-EV-Adoption-States,3-Wheelers
10,0,4,31,0.036942285,Forecast,-3.279870443,High-EV-Adoption-States,Others
10,2,4,31,-0.08991221,Forecast,#NUM!,Moderate-EV-Adoption-States,Others
10,1,4,31,-0.01978781,Forecast,#NUM!,Low-EV-Adoption-States,Others
11,0,4,0,0.2626854,Forecast,-1.202581961,High-EV-Adoption-States,Others
11,2,4,0,0.23942034,Forecast,-1.307437076,Moderate-EV-Adoption-States,Others
11,1,4,0,0.22860037,Forecast,-1.359303249,Low-EV-Adoption-States,Others
11,0,4,1,0.08497976,Forecast,-2.422551408,High-EV-Adoption-States,Others
11,2,4,1,0.08374853,Forecast,-2.43777017,Moderate-EV-Adoption-States,Others
11,1,4,1,0.09128331,Forecast,-2.347798488,Low-EV-Adoption-States,Others
11,0,4,2,0.12010176,Forecast,-2.05876407,High-EV-Adoption-States,Others
11,2,4,2,0.10573125,Forecast,-2.193523404,Moderate-EV-Adoption-States,Others
11,1,4,2,0.14406107,Forecast,-1.864622854,Low-EV-Adoption-States,Others
11,0,4,3,0.6502556,Forecast,-0.087705614,High-EV-Adoption-States,Others
11,2,4,3,0.48512593,Forecast,-0.470996836,Moderate-EV-Adoption-States,Others
11,1,4,3,0.5236339,Forecast,-0.373746859,Low-EV-Adoption-States,Others
11,0,3,4,-0.5719313,Forecast,#NUM!,High-EV-Adoption-States,Bus
11,2,3,4,0.7690198,Forecast,0.146392337,Moderate-EV-Adoption-States,Bus
11,1,3,4,-0.051498186,Forecast,#NUM!,Low-EV-Adoption-States,Bus
11,0,4,5,0.61340886,Forecast,-0.166390087,High-EV-Adoption-States,Others
11,2,4,5,0.5822053,Forecast,-0.235745717,Moderate-EV-Adoption-States,Others
11,1,4,5,0.5920802,Forecast,-0.213508892,Low-EV-Adoption-States,Others
11,0,4,6,0.85227543,Forecast,0.296376627,High-EV-Adoption-States,Others
11,2,4,6,0.60372025,Forecast,-0.187643498,Moderate-EV-Adoption-States,Others
11,1,4,6,0.61359525,Forecast,-0.165983609,Low-EV-Adoption-States,Others
11,0,3,9,0.46939147,Forecast,-0.512458882,High-EV-Adoption-States,Bus
11,2,3,9,-0.01699136,Forecast,#NUM!,Moderate-EV-Adoption-States,Bus
11,1,3,9,0.009026581,Forecast,-4.703064925,Low-EV-Adoption-States,Bus
11,0,1,8,0.57861894,Forecast,-0.243890403,High-EV-Adoption-States,3-Wheelers
11,2,1,8,0.315812,Forecast,-0.99054991,Moderate-EV-Adoption-States,3-Wheelers
11,1,1,8,0.12804979,Forecast,-1.990628107,Low-EV-Adoption-States,3-Wheelers
11,0,1,7,1.1258359,Forecast,0.733709627,High-EV-Adoption-States,3-Wheelers
11,2,1,7,1.242936,Forecast,0.902505776,Moderate-EV-Adoption-States,3-Wheelers
11,1,1,7,1.3773088,Forecast,1.086613508,Low-EV-Adoption-States,3-Wheelers
11,0,4,10,0.06906734,Forecast,-2.637940884,High-EV-Adoption-States,Others
11,2,4,10,0.067016765,Forecast,-2.669116956,Moderate-EV-Adoption-States,Others
11,1,4,10,0.0819332,Forecast,-2.460604703,Low-EV-Adoption-States,Others
11,0,4,11,0.44315472,Forecast,-0.58408955,High-EV-Adoption-States,Others
11,2,4,11,0.41132188,Forecast,-0.675678776,Moderate-EV-Adoption-States,Others
11,1,4,11,0.4223003,Forecast,-0.643468738,Low-EV-Adoption-States,Others
11,0,2,12,3.2124355,Forecast,3.171344256,High-EV-Adoption-States,4-Wheelers
11,2,2,12,0.9903325,Forecast,0.525987769,Moderate-EV-Adoption-States,4-Wheelers
11,1,2,12,0.44004688,Forecast,-0.592795166,Low-EV-Adoption-States,4-Wheelers
11,0,2,15,0.51380646,Forecast,-0.398029612,High-EV-Adoption-States,4-Wheelers
11,2,2,15,1.4261689,Forecast,1.151432671,Moderate-EV-Adoption-States,4-Wheelers
11,1,2,15,0.13575217,Forecast,-1.928280507,Low-EV-Adoption-States,4-Wheelers
11,0,0,13,2.027346,Forecast,1.886145793,High-EV-Adoption-States,2-Wheelers
11,2,0,13,1.747162,Forecast,1.555677211,Moderate-EV-Adoption-States,2-Wheelers
11,1,0,13,0.73514456,Forecast,0.082301838,Low-EV-Adoption-States,2-Wheelers
11,0,0,14,-0.11106656,Forecast,#NUM!,High-EV-Adoption-States,2-Wheelers
11,2,0,14,0.32830116,Forecast,-0.945186466,Moderate-EV-Adoption-States,2-Wheelers
11,1,0,14,-0.60551935,Forecast,#NUM!,Low-EV-Adoption-States,2-Wheelers
11,0,4,16,0.14817323,Forecast,-1.834371965,High-EV-Adoption-States,Others
11,2,4,16,0.20640318,Forecast,-1.472947784,Moderate-EV-Adoption-States,Others
11,1,4,16,0.2185531,Forecast,-1.409460288,Low-EV-Adoption-States,Others
11,0,0,17,1.6505727,Forecast,1.437453792,High-EV-Adoption-States,2-Wheelers
11,2,0,17,1.628167,Forecast,1.40965142,Moderate-EV-Adoption-States,2-Wheelers
11,1,0,17,1.6386604,Forecast,1.422690963,Low-EV-Adoption-States,2-Wheelers
11,0,2,18,3.0320027,Forecast,2.982582415,High-EV-Adoption-States,4-Wheelers
11,2,2,18,2.0803576,Forecast,1.946957004,Moderate-EV-Adoption-States,4-Wheelers
11,1,2,18,0.84323406,Forecast,0.280559547,Low-EV-Adoption-States,4-Wheelers
11,0,2,19,0.5593071,Forecast,-0.288402493,High-EV-Adoption-States,4-Wheelers
11,2,2,19,0.5139062,Forecast,-0.397781388,Moderate-EV-Adoption-States,4-Wheelers
11,1,2,19,0.015799103,Forecast,-4.139892161,Low-EV-Adoption-States,4-Wheelers
11,0,0,20,0.83994913,Forecast,0.274786136,High-EV-Adoption-States,2-Wheelers
11,2,0,20,0.65164703,Forecast,-0.084797413,Moderate-EV-Adoption-States,2-Wheelers
11,1,0,20,-0.35338116,Forecast,#NUM!,Low-EV-Adoption-States,2-Wheelers
11,0,0,21,2.070668,Forecast,1.935876937,High-EV-Adoption-States,2-Wheelers
11,2,0,21,1.4377166,Forecast,1.166603989,Moderate-EV-Adoption-States,2-Wheelers
11,1,0,21,1.344446,Forecast,1.042416038,Low-EV-Adoption-States,2-Wheelers
11,0,0,22,0.86288226,Forecast,0.314797428,High-EV-Adoption-States,2-Wheelers
11,2,0,22,1.2578117,Forecast,0.92335184,Moderate-EV-Adoption-States,2-Wheelers
11,1,0,22,1.2647681,Forecast,0.93305785,Low-EV-Adoption-States,2-Wheelers
11,0,3,23,-0.8710972,Forecast,#NUM!,High-EV-Adoption-States,Bus
11,2,3,23,-0.3681714,Forecast,#NUM!,Moderate-EV-Adoption-States,Bus
11,1,3,23,-0.52887213,Forecast,#NUM!,Low-EV-Adoption-States,Bus
11,0,2,24,0.7126086,Forecast,0.038551311,High-EV-Adoption-States,4-Wheelers
11,2,2,24,0.37478924,Forecast,-0.788150863,Moderate-EV-Adoption-States,4-Wheelers
11,1,2,24,-0.105399616,Forecast,#NUM!,Low-EV-Adoption-States,4-Wheelers
11,0,2,25,1.2866374,Forecast,0.963400041,High-EV-Adoption-States,4-Wheelers
11,2,2,25,0.5394007,Forecast,-0.335502433,Moderate-EV-Adoption-States,4-Wheelers
11,1,2,25,0.049934905,Forecast,-2.971963676,Low-EV-Adoption-States,4-Wheelers
11,0,2,26,0.8251713,Forecast,0.248633259,High-EV-Adoption-States,4-Wheelers
11,2,2,26,1.6069059,Forecast,1.383128343,Moderate-EV-Adoption-States,4-Wheelers
11,1,2,26,0.28722858,Forecast,-1.100427494,Low-EV-Adoption-States,4-Wheelers
11,0,4,27,0.14969452,Forecast,-1.823377824,High-EV-Adoption-States,Others
11,2,4,27,0.20956217,Forecast,-1.456124568,Moderate-EV-Adoption-States,Others
11,1,4,27,0.21670415,Forecast,-1.418914215,Low-EV-Adoption-States,Others
11,0,1,28,1.8396163,Forecast,1.666597289,High-EV-Adoption-States,3-Wheelers
11,2,1,28,1.9619234,Forecast,1.810416841,Moderate-EV-Adoption-States,3-Wheelers
11,1,1,28,1.974491,Forecast,1.825025375,Low-EV-Adoption-States,3-Wheelers
11,0,1,29,2.6708868,Forecast,2.599185794,High-EV-Adoption-States,3-Wheelers
11,2,1,29,3.6697366,Forecast,3.643923099,Moderate-EV-Adoption-States,3-Wheelers
11,1,1,29,3.9733388,Forecast,3.954349108,Low-EV-Adoption-States,3-Wheelers
11,0,1,30,1.3170674,Forecast,1.00520212,High-EV-Adoption-States,3-Wheelers
11,2,1,30,0.6611021,Forecast,-0.065151141,Moderate-EV-Adoption-States,3-Wheelers
11,1,1,30,0.4145712,Forecast,-0.666073955,Low-EV-Adoption-States,3-Wheelers
11,0,4,31,0.14843439,Forecast,-1.832477178,High-EV-Adoption-States,Others
11,2,4,31,0.06378164,Forecast,-2.720229586,Moderate-EV-Adoption-States,Others
11,1,4,31,0.06673289,Forecast,-2.673505353,Low-EV-Adoption-States,Others
12,0,4,0,0.09284661,Forecast,-2.330024036,High-EV-Adoption-States,Others
12,2,4,0,0.080297,Forecast,-2.481605883,Moderate-EV-Adoption-States,Others
12,1,4,0,0.07952365,Forecast,-2.491675506,Low-EV-Adoption-States,Others
12,0,4,1,0.076258175,Forecast,-2.535259276,High-EV-Adoption-States,Others
12,2,4,1,0.11641125,Forecast,-2.091855888,Moderate-EV-Adoption-States,Others
12,1,4,1,0.104611725,Forecast,-2.204737835,Low-EV-Adoption-States,Others
12,0,4,2,0.071492575,Forecast,-2.602202436,High-EV-Adoption-States,Others
12,2,4,2,0.06414444,Forecast,-2.714374212,Moderate-EV-Adoption-States,Others
12,1,4,2,0.09076084,Forecast,-2.353803737,Low-EV-Adoption-States,Others
12,0,4,3,0.28014752,Forecast,-1.129097224,High-EV-Adoption-States,Others
12,2,4,3,0.15042883,Forecast,-1.818108092,Moderate-EV-Adoption-States,Others
12,1,4,3,0.1788063,Forecast,-1.630717233,Low-EV-Adoption-States,Others
12,0,3,4,-0.5304214,Forecast,#NUM!,High-EV-Adoption-States,Bus
12,2,3,4,0.9738806,Forecast,0.499684484,Moderate-EV-Adoption-States,Bus
12,1,3,4,0.18443342,Forecast,-1.596833119,Low-EV-Adoption-States,Bus
12,0,4,5,0.44065487,Forecast,-0.591088238,High-EV-Adoption-States,Others
12,2,4,5,0.37083903,Forecast,-0.800844163,Moderate-EV-Adoption-States,Others
12,1,4,5,0.3902021,Forecast,-0.739653379,Low-EV-Adoption-States,Others
12,0,4,6,0.6503236,Forecast,-0.087563386,High-EV-Adoption-States,Others
12,2,4,6,0.40107352,Forecast,-0.70638023,Moderate-EV-Adoption-States,Others
12,1,4,6,0.42043653,Forecast,-0.648889018,Low-EV-Adoption-States,Others
12,0,3,9,0.8020215,Forecast,0.207050274,High-EV-Adoption-States,Bus
12,2,3,9,0.30443332,Forecast,-1.033227864,Moderate-EV-Adoption-States,Bus
12,1,3,9,0.3376072,Forecast,-0.912323983,Low-EV-Adoption-States,Bus
12,0,1,8,2.0168922,Forecast,1.874097033,High-EV-Adoption-States,3-Wheelers
12,2,1,8,1.5241917,Forecast,1.278550679,Moderate-EV-Adoption-States,3-Wheelers
12,1,1,8,0.9653082,Forecast,0.485874973,Low-EV-Adoption-States,3-Wheelers
12,0,1,7,1.5645335,Forecast,1.329841553,High-EV-Adoption-States,3-Wheelers
12,2,1,7,1.7886852,Forecast,1.605747654,Moderate-EV-Adoption-States,3-Wheelers
12,1,1,7,1.6944696,Forecast,1.491500377,Low-EV-Adoption-States,3-Wheelers
12,0,4,10,-0.05629323,Forecast,#NUM!,High-EV-Adoption-States,Others
12,2,4,10,-0.016945751,Forecast,#NUM!,Moderate-EV-Adoption-States,Others
12,1,4,10,-0.02448208,Forecast,#NUM!,Low-EV-Adoption-States,Others
12,0,4,11,0.21322888,Forecast,-1.436880974,High-EV-Adoption-States,Others
12,2,4,11,0.18167515,Forecast,-1.613322636,Moderate-EV-Adoption-States,Others
12,1,4,11,0.20408988,Forecast,-1.485414928,Low-EV-Adoption-States,Others
12,0,2,12,3.6253695,Forecast,3.598368993,High-EV-Adoption-States,4-Wheelers
12,2,2,12,1.087257,Forecast,0.676065525,Moderate-EV-Adoption-States,4-Wheelers
12,1,2,12,0.81882495,Forecast,0.237309502,Low-EV-Adoption-States,4-Wheelers
12,0,2,15,0.5782933,Forecast,-0.24463178,High-EV-Adoption-States,4-Wheelers
12,2,2,15,1.3031785,Forecast,0.986181684,Moderate-EV-Adoption-States,4-Wheelers
12,1,2,15,0.30410752,Forecast,-1.03446977,Low-EV-Adoption-States,4-Wheelers
12,0,0,13,4.3067617,Forecast,4.293192937,High-EV-Adoption-States,2-Wheelers
12,2,0,13,3.903181,Forecast,3.882797027,Moderate-EV-Adoption-States,2-Wheelers
12,1,0,13,2.1538506,Forecast,2.030511109,Low-EV-Adoption-States,2-Wheelers
12,0,0,14,2.8826857,Forecast,2.82507332,High-EV-Adoption-States,2-Wheelers
12,2,0,14,3.1639676,Forecast,3.120791017,Moderate-EV-Adoption-States,2-Wheelers
12,1,0,14,1.5265691,Forecast,1.281589039,Low-EV-Adoption-States,2-Wheelers
12,0,4,16,0.03555861,Forecast,-3.31874097,High-EV-Adoption-States,Others
12,2,4,16,0.06829373,Forecast,-2.649596125,Moderate-EV-Adoption-States,Others
12,1,4,16,0.0830687,Forecast,-2.446265452,Low-EV-Adoption-States,Others
12,0,0,17,2.3544385,Forecast,2.254676943,High-EV-Adoption-States,2-Wheelers
12,2,0,17,2.2415247,Forecast,2.129143697,Moderate-EV-Adoption-States,2-Wheelers
12,1,0,17,2.0835276,Forecast,1.950578569,Low-EV-Adoption-States,2-Wheelers
12,0,2,18,2.8413115,Forecast,2.781190842,High-EV-Adoption-States,4-Wheelers
12,2,2,18,1.7362831,Forecast,1.542487156,Moderate-EV-Adoption-States,4-Wheelers
12,1,2,18,0.87847483,Forecast,0.341620019,Low-EV-Adoption-States,4-Wheelers
12,0,2,19,0.9401192,Forecast,0.444869514,High-EV-Adoption-States,4-Wheelers
12,2,2,19,0.5523781,Forecast,-0.304652225,Moderate-EV-Adoption-States,4-Wheelers
12,1,2,19,0.34059227,Forecast,-0.901944273,Low-EV-Adoption-States,4-Wheelers
12,0,0,20,2.3501701,Forecast,2.249959698,High-EV-Adoption-States,2-Wheelers
12,2,0,20,2.0814543,Forecast,1.948210114,Moderate-EV-Adoption-States,2-Wheelers
12,1,0,20,0.34040797,Forecast,-0.902582905,Low-EV-Adoption-States,2-Wheelers
12,0,0,21,3.7403693,Forecast,3.716337503,High-EV-Adoption-States,2-Wheelers
12,2,0,21,2.71844,Forecast,2.650185143,Moderate-EV-Adoption-States,2-Wheelers
12,1,0,21,2.4077666,Forecast,2.313438215,Low-EV-Adoption-States,2-Wheelers
12,0,0,22,2.4114075,Forecast,2.317438555,High-EV-Adoption-States,2-Wheelers
12,2,0,22,2.192409,Forecast,2.074022383,Moderate-EV-Adoption-States,2-Wheelers
12,1,0,22,2.0338326,Forecast,1.893612455,Low-EV-Adoption-States,2-Wheelers
12,0,3,23,-0.39676425,Forecast,#NUM!,High-EV-Adoption-States,Bus
12,2,3,23,-0.00774291,Forecast,#NUM!,Moderate-EV-Adoption-States,Bus
12,1,3,23,-0.1657569,Forecast,#NUM!,Low-EV-Adoption-States,Bus
12,0,2,24,1.070984,Forecast,0.651413127,High-EV-Adoption-States,4-Wheelers
12,2,2,24,0.4359882,Forecast,-0.604238271,Moderate-EV-Adoption-States,4-Wheelers
12,1,2,24,0.2368108,Forecast,-1.31975282,Low-EV-Adoption-States,4-Wheelers
12,0,2,25,1.6238885,Forecast,1.404325202,High-EV-Adoption-States,4-Wheelers
12,2,2,25,0.537793,Forecast,-0.339363075,Moderate-EV-Adoption-States,4-Wheelers
12,1,2,25,0.33095405,Forecast,-0.935739094,Low-EV-Adoption-States,4-Wheelers
12,0,2,26,0.86061656,Forecast,0.310874663,High-EV-Adoption-States,4-Wheelers
12,2,2,26,1.5537472,Forecast,1.316182504,Moderate-EV-Adoption-States,4-Wheelers
12,1,2,26,0.5100042,Forecast,-0.407519934,Low-EV-Adoption-States,4-Wheelers
12,0,4,27,-0.007963559,Forecast,#NUM!,High-EV-Adoption-States,Others
12,2,4,27,0.001859584,Forecast,-6.286472536,Moderate-EV-Adoption-States,Others
12,1,4,27,0.02920839,Forecast,-3.51865954,Low-EV-Adoption-States,Others
12,0,1,28,2.846247,Forecast,2.786431369,High-EV-Adoption-States,3-Wheelers
12,2,1,28,2.8486989,Forecast,2.789034209,Moderate-EV-Adoption-States,3-Wheelers
12,1,1,28,2.7367594,Forecast,2.669785988,Low-EV-Adoption-States,3-Wheelers
12,0,1,29,3.1859949,Forecast,3.143779123,High-EV-Adoption-States,3-Wheelers
12,2,1,29,4.2853017,Forecast,4.271436555,Moderate-EV-Adoption-States,3-Wheelers
12,1,1,29,4.4676886,Forecast,4.456148462,Low-EV-Adoption-States,3-Wheelers
12,0,1,30,3.0457647,Forecast,2.997036608,High-EV-Adoption-States,3-Wheelers
12,2,1,30,2.0266328,Forecast,1.885324388,Moderate-EV-Adoption-States,3-Wheelers
12,1,1,30,1.4338616,Forecast,1.161545413,Low-EV-Adoption-States,3-Wheelers
12,0,4,31,0.6664093,Forecast,-0.054210362,High-EV-Adoption-States,Others
12,2,4,31,0.3400039,Forecast,-0.903984095,Moderate-EV-Adoption-States,Others
12,1,4,31,0.31596956,Forecast,-0.989968209,Low-EV-Adoption-States,Others
