Month,State_EV_Group,Vehicle_Category,Vehicle_Class,Log_EV_Sales_Quantity1,Type,Log_EV_Sales_Quantity,State_EV_Category_1,Vehicle_Category_1
9,0,4,0,0.20963201,Forecast,0.41926402,High-EV-Adoption-States,Others
9,2,4,0,0.18001795,Forecast,0.3600359,Moderate-EV-Adoption-States,Others
9,1,4,0,0.18062115,Forecast,0.3612423,Low-EV-Adoption-States,Others
9,0,4,1,0.080384634,Forecast,0.160769268,High-EV-Adoption-States,Others
9,2,4,1,0.10705673,Forecast,0.21411346,Moderate-EV-Adoption-States,Others
9,1,4,1,0.09313636,Forecast,0.18627272,Low-EV-Adoption-States,Others
9,0,4,2,0.12850638,Forecast,0.25701276,High-EV-Adoption-States,Others
9,2,4,2,0.15841568,Forecast,0.31683136,Moderate-EV-Adoption-States,Others
9,1,4,2,0.15864173,Forecast,0.31728346,Low-EV-Adoption-States,Others
9,0,4,3,0.5526777,Forecast,1.1053554,High-EV-Adoption-States,Others
9,2,4,3,0.39172035,Forecast,0.7834407,Moderate-EV-Adoption-States,Others
9,1,4,3,0.4027832,Forecast,0.8055664,Low-EV-Adoption-States,Others
9,0,3,4,-0.2437781,Forecast,-0.4875562,High-EV-Adoption-States,Bus
9,2,3,4,1.0354115,Forecast,2.070823,Moderate-EV-Adoption-States,Bus
9,1,3,4,0.16758303,Forecast,0.33516606,Low-EV-Adoption-States,Bus
9,0,4,5,0.5586517,Forecast,1.1173034,High-EV-Adoption-States,Others
9,2,4,5,0.5161103,Forecast,1.0322206,Moderate-EV-Adoption-States,Others
9,1,4,5,0.5340989,Forecast,1.0681978,Low-EV-Adoption-States,Others
9,0,4,6,1.3886712,Forecast,2.7773424,High-EV-Adoption-States,Others
9,2,4,6,0.72241306,Forecast,1.44482612,Moderate-EV-Adoption-States,Others
9,1,4,6,0.737961,Forecast,1.475922,Low-EV-Adoption-States,Others
9,0,3,9,0.6006218,Forecast,1.2012436,High-EV-Adoption-States,Bus
9,2,3,9,0.20962493,Forecast,0.41924986,Moderate-EV-Adoption-States,Bus
9,1,3,9,0.22023024,Forecast,0.44046048,Low-EV-Adoption-States,Bus
9,0,1,8,1.4441829,Forecast,2.8883658,High-EV-Adoption-States,3-Wheelers
9,2,1,8,0.2546047,Forecast,0.5092094,Moderate-EV-Adoption-States,3-Wheelers
9,1,1,8,-0.37676743,Forecast,-0.75353486,Low-EV-Adoption-States,3-Wheelers
9,0,1,7,1.3431234,Forecast,2.6862468,High-EV-Adoption-States,3-Wheelers
9,2,1,7,1.2102529,Forecast,2.4205058,Moderate-EV-Adoption-States,3-Wheelers
9,1,1,7,1.1251142,Forecast,2.2502284,Low-EV-Adoption-States,3-Wheelers
9,0,4,10,0.077875964,Forecast,0.155751928,High-EV-Adoption-States,Others
9,2,4,10,0.095954955,Forecast,0.19190991,Moderate-EV-Adoption-States,Others
9,1,4,10,0.091816284,Forecast,0.183632568,Low-EV-Adoption-States,Others
9,0,4,11,0.19980314,Forecast,0.39960628,High-EV-Adoption-States,Others
9,2,4,11,0.15044104,Forecast,0.30088208,Moderate-EV-Adoption-States,Others
9,1,4,11,0.1676257,Forecast,0.3352514,Low-EV-Adoption-States,Others
9,0,2,12,3.5385113,Forecast,7.0770226,High-EV-Adoption-States,4-Wheelers
9,2,2,12,0.881379,Forecast,1.762758,Moderate-EV-Adoption-States,4-Wheelers
9,1,2,12,0.5973319,Forecast,1.1946638,Low-EV-Adoption-States,4-Wheelers
9,0,2,15,0.57784563,Forecast,1.15569126,High-EV-Adoption-States,4-Wheelers
9,2,2,15,1.28787,Forecast,2.57574,Moderate-EV-Adoption-States,4-Wheelers
9,1,2,15,0.22643915,Forecast,0.4528783,Low-EV-Adoption-States,4-Wheelers
9,0,0,13,2.7478466,Forecast,5.4956932,High-EV-Adoption-States,2-Wheelers
9,2,0,13,2.580943,Forecast,5.161886,Moderate-EV-Adoption-States,2-Wheelers
9,1,0,13,0.9016242,Forecast,1.8032484,Low-EV-Adoption-States,2-Wheelers
9,0,0,14,0.097370684,Forecast,0.194741368,High-EV-Adoption-States,2-Wheelers
9,2,0,14,0.8403616,Forecast,1.6807232,Moderate-EV-Adoption-States,2-Wheelers
9,1,0,14,-0.816389,Forecast,-1.632778,Low-EV-Adoption-States,2-Wheelers
9,0,4,16,0.09056802,Forecast,0.18113604,High-EV-Adoption-States,Others
9,2,4,16,0.07870623,Forecast,0.15741246,Moderate-EV-Adoption-States,Others
9,1,4,16,0.100310236,Forecast,0.200620472,Low-EV-Adoption-States,Others
9,0,0,17,1.6988472,Forecast,3.3976944,High-EV-Adoption-States,2-Wheelers
9,2,0,17,1.5694486,Forecast,3.1388972,Moderate-EV-Adoption-States,2-Wheelers
9,1,0,17,1.5687467,Forecast,3.1374934,Low-EV-Adoption-States,2-Wheelers
9,0,2,18,3.1652372,Forecast,6.3304744,High-EV-Adoption-States,4-Wheelers
9,2,2,18,1.4958328,Forecast,2.9916656,Moderate-EV-Adoption-States,4-Wheelers
9,1,2,18,0.5809976,Forecast,1.1619952,Low-EV-Adoption-States,4-Wheelers
9,0,2,19,0.98148507,Forecast,1.96297014,High-EV-Adoption-States,4-Wheelers
9,2,2,19,0.47158036,Forecast,0.94316072,Moderate-EV-Adoption-States,4-Wheelers
9,1,2,19,0.19505967,Forecast,0.39011934,Low-EV-Adoption-States,4-Wheelers
9,0,0,20,0.9352055,Forecast,1.870411,High-EV-Adoption-States,2-Wheelers
9,2,0,20,2.312203,Forecast,4.624406,Moderate-EV-Adoption-States,2-Wheelers
9,1,0,20,0.49736434,Forecast,0.99472868,Low-EV-Adoption-States,2-Wheelers
9,0,0,21,3.1696215,Forecast,6.339243,High-EV-Adoption-States,2-Wheelers
9,2,0,21,2.4797616,Forecast,4.9595232,Moderate-EV-Adoption-States,2-Wheelers
9,1,0,21,1.7908953,Forecast,3.5817906,Low-EV-Adoption-States,2-Wheelers
9,0,0,22,0.48030007,Forecast,0.96060014,High-EV-Adoption-States,2-Wheelers
9,2,0,22,1.0578674,Forecast,2.1157348,Moderate-EV-Adoption-States,2-Wheelers
9,1,0,22,1.0587369,Forecast,2.1174738,Low-EV-Adoption-States,2-Wheelers
9,0,3,23,-0.52495205,Forecast,-1.0499041,High-EV-Adoption-States,Bus
9,2,3,23,-0.25648767,Forecast,-0.51297534,Moderate-EV-Adoption-States,Bus
9,1,3,23,-0.43947664,Forecast,-0.87895328,Low-EV-Adoption-States,Bus
9,0,2,24,0.49989218,Forecast,0.99978436,High-EV-Adoption-States,4-Wheelers
9,2,2,24,-0.05099301,Forecast,-0.10198602,Moderate-EV-Adoption-States,4-Wheelers
9,1,2,24,-0.29329664,Forecast,-0.58659328,Low-EV-Adoption-States,4-Wheelers
9,0,2,25,1.0998356,Forecast,2.1996712,High-EV-Adoption-States,4-Wheelers
9,2,2,25,-0.14438428,Forecast,-0.28876856,Moderate-EV-Adoption-States,4-Wheelers
9,1,2,25,-0.28575248,Forecast,-0.57150496,Low-EV-Adoption-States,4-Wheelers
9,0,2,26,0.8407178,Forecast,1.6814356,High-EV-Adoption-States,4-Wheelers
9,2,2,26,1.322033,Forecast,2.644066,Moderate-EV-Adoption-States,4-Wheelers
9,1,2,26,0.25164235,Forecast,0.5032847,Low-EV-Adoption-States,4-Wheelers
9,0,4,27,0.10534857,Forecast,0.21069714,High-EV-Adoption-States,Others
9,2,4,27,0.075816624,Forecast,0.151633248,Moderate-EV-Adoption-States,Others
9,1,4,27,0.10434559,Forecast,0.20869118,Low-EV-Adoption-States,Others
9,0,1,28,1.8214989,Forecast,3.6429978,High-EV-Adoption-States,3-Wheelers
9,2,1,28,1.6912131,Forecast,3.3824262,Moderate-EV-Adoption-States,3-Wheelers
9,1,1,28,1.7666782,Forecast,3.5333564,Low-EV-Adoption-States,3-Wheelers
9,0,1,29,2.7594926,Forecast,5.5189852,High-EV-Adoption-States,3-Wheelers
9,2,1,29,2.6500008,Forecast,5.3000016,Moderate-EV-Adoption-States,3-Wheelers
9,1,1,29,2.7810335,Forecast,5.562067,Low-EV-Adoption-States,3-Wheelers
9,0,1,30,2.429849,Forecast,4.859698,High-EV-Adoption-States,3-Wheelers
9,2,1,30,0.78544307,Forecast,1.57088614,Moderate-EV-Adoption-States,3-Wheelers
9,1,1,30,0.19412418,Forecast,0.38824836,Low-EV-Adoption-States,3-Wheelers
9,0,4,31,0.27640656,Forecast,0.55281312,High-EV-Adoption-States,Others
9,2,4,31,0.14408745,Forecast,0.2881749,Moderate-EV-Adoption-States,Others
9,1,4,31,0.09396913,Forecast,0.18793826,Low-EV-Adoption-States,Others
10,0,4,0,0.40243083,Forecast,0.80486166,High-EV-Adoption-States,Others
10,2,4,0,0.3449872,Forecast,0.6899744,Moderate-EV-Adoption-States,Others
10,1,4,0,0.25164708,Forecast,0.50329416,Low-EV-Adoption-States,Others
10,0,4,1,0.044975795,Forecast,0.08995159,High-EV-Adoption-States,Others
10,2,4,1,0.032685217,Forecast,0.065370434,Moderate-EV-Adoption-States,Others
10,1,4,1,-0.019155016,Forecast,-0.038310032,Low-EV-Adoption-States,Others
10,0,4,2,0.2328658,Forecast,0.4657316,High-EV-Adoption-States,Others
10,2,4,2,0.15067078,Forecast,0.30134156,Moderate-EV-Adoption-States,Others
10,1,4,2,0.13683917,Forecast,0.27367834,Low-EV-Adoption-States,Others
10,0,4,3,0.7487033,Forecast,1.4974066,High-EV-Adoption-States,Others
10,2,4,3,0.62094814,Forecast,1.24189628,Moderate-EV-Adoption-States,Others
10,1,4,3,0.60928965,Forecast,1.2185793,Low-EV-Adoption-States,Others
10,0,3,4,0.5324244,Forecast,1.0648488,High-EV-Adoption-States,Bus
10,2,3,4,1.7012262,Forecast,3.4024524,Moderate-EV-Adoption-States,Bus
10,1,3,4,0.74968356,Forecast,1.49936712,Low-EV-Adoption-States,Bus
10,0,4,5,0.53009003,Forecast,1.06018006,High-EV-Adoption-States,Others
10,2,4,5,0.37062845,Forecast,0.7412569,Moderate-EV-Adoption-States,Others
10,1,4,5,0.33591792,Forecast,0.67183584,Low-EV-Adoption-States,Others
10,0,4,6,1.0403597,Forecast,2.0807194,High-EV-Adoption-States,Others
10,2,4,6,0.3847395,Forecast,0.769479,Moderate-EV-Adoption-States,Others
10,1,4,6,0.35002902,Forecast,0.70005804,Low-EV-Adoption-States,Others
10,0,3,9,1.0153484,Forecast,2.0306968,High-EV-Adoption-States,Bus
10,2,3,9,0.3711796,Forecast,0.7423592,Moderate-EV-Adoption-States,Bus
10,1,3,9,0.33621246,Forecast,0.67242492,Low-EV-Adoption-States,Bus
10,0,1,8,1.9401007,Forecast,3.8802014,High-EV-Adoption-States,3-Wheelers
10,2,1,8,1.0748247,Forecast,2.1496494,Moderate-EV-Adoption-States,3-Wheelers
10,1,1,8,0.48716554,Forecast,0.97433108,Low-EV-Adoption-States,3-Wheelers
10,0,1,7,1.8605224,Forecast,3.7210448,High-EV-Adoption-States,3-Wheelers
10,2,1,7,1.2682528,Forecast,2.5365056,Moderate-EV-Adoption-States,3-Wheelers
10,1,1,7,1.1552662,Forecast,2.3105324,Low-EV-Adoption-States,3-Wheelers
10,0,4,10,0.16181767,Forecast,0.32363534,High-EV-Adoption-States,Others
10,2,4,10,0.10701344,Forecast,0.21402688,Moderate-EV-Adoption-States,Others
10,1,4,10,0.098367736,Forecast,0.196735472,Low-EV-Adoption-States,Others
10,0,4,11,0.24015775,Forecast,0.4803155,High-EV-Adoption-States,Others
10,2,4,11,0.15611072,Forecast,0.31222144,Moderate-EV-Adoption-States,Others
10,1,4,11,0.09492462,Forecast,0.18984924,Low-EV-Adoption-States,Others
10,0,2,12,4.06527,Forecast,8.13054,High-EV-Adoption-States,4-Wheelers
10,2,2,12,1.3340982,Forecast,2.6681964,Moderate-EV-Adoption-States,4-Wheelers
10,1,2,12,1.0189159,Forecast,2.0378318,Low-EV-Adoption-States,4-Wheelers
10,0,2,15,1.3590903,Forecast,2.7181806,High-EV-Adoption-States,4-Wheelers
10,2,2,15,1.8534881,Forecast,3.7069762,Moderate-EV-Adoption-States,4-Wheelers
10,1,2,15,0.80946714,Forecast,1.61893428,Low-EV-Adoption-States,4-Wheelers
10,0,0,13,5.016014,Forecast,10.032028,High-EV-Adoption-States,2-Wheelers
10,2,0,13,3.8999557,Forecast,7.7999114,Moderate-EV-Adoption-States,2-Wheelers
10,1,0,13,2.3308568,Forecast,4.6617136,Low-EV-Adoption-States,2-Wheelers
10,0,0,14,2.266962,Forecast,4.533924,High-EV-Adoption-States,2-Wheelers
10,2,0,14,2.1153882,Forecast,4.2307764,Moderate-EV-Adoption-States,2-Wheelers
10,1,0,14,0.5851231,Forecast,1.1702462,Low-EV-Adoption-States,2-Wheelers
10,0,4,16,-0.003272641,Forecast,-0.006545281,High-EV-Adoption-States,Others
10,2,4,16,-0.006557254,Forecast,-0.013114507,Moderate-EV-Adoption-States,Others
10,1,4,16,-0.03707593,Forecast,-0.07415186,Low-EV-Adoption-States,Others
10,0,0,17,3.0766976,Forecast,6.1533952,High-EV-Adoption-States,2-Wheelers
10,2,0,17,2.2279775,Forecast,4.455955,Moderate-EV-Adoption-States,2-Wheelers
10,1,0,17,2.0078073,Forecast,4.0156146,Low-EV-Adoption-States,2-Wheelers
10,0,2,18,3.955731,Forecast,7.911462,High-EV-Adoption-States,4-Wheelers
10,2,2,18,2.163063,Forecast,4.326126,Moderate-EV-Adoption-States,4-Wheelers
10,1,2,18,1.40286,Forecast,2.80572,Low-EV-Adoption-States,4-Wheelers
10,0,2,19,1.4987297,Forecast,2.9974594,High-EV-Adoption-States,4-Wheelers
10,2,2,19,0.63984346,Forecast,1.27968692,Moderate-EV-Adoption-States,4-Wheelers
10,1,2,19,0.39456564,Forecast,0.78913128,Low-EV-Adoption-States,4-Wheelers
10,0,0,20,2.2179167,Forecast,4.4358334,High-EV-Adoption-States,2-Wheelers
10,2,0,20,2.6615114,Forecast,5.3230228,Moderate-EV-Adoption-States,2-Wheelers
10,1,0,20,1.0834693,Forecast,2.1669386,Low-EV-Adoption-States,2-Wheelers
10,0,0,21,3.8181527,Forecast,7.6363054,High-EV-Adoption-States,2-Wheelers
10,2,0,21,2.2272046,Forecast,4.4544092,Moderate-EV-Adoption-States,2-Wheelers
10,1,0,21,1.659204,Forecast,3.318408,Low-EV-Adoption-States,2-Wheelers
10,0,0,22,2.0520082,Forecast,4.1040164,High-EV-Adoption-States,2-Wheelers
10,2,0,22,1.6939751,Forecast,3.3879502,Moderate-EV-Adoption-States,2-Wheelers
10,1,0,22,1.4672289,Forecast,2.9344578,Low-EV-Adoption-States,2-Wheelers
10,0,3,23,0.060821217,Forecast,0.121642434,High-EV-Adoption-States,Bus
10,2,3,23,0.26947087,Forecast,0.53894174,Moderate-EV-Adoption-States,Bus
10,1,3,23,0.009731395,Forecast,0.01946279,Low-EV-Adoption-States,Bus
10,0,2,24,1.027838,Forecast,2.055676,High-EV-Adoption-States,4-Wheelers
10,2,2,24,0.14440113,Forecast,0.28880226,Moderate-EV-Adoption-States,4-Wheelers
10,1,2,24,-0.08165914,Forecast,-0.16331828,Low-EV-Adoption-States,4-Wheelers
10,0,2,25,1.7436969,Forecast,3.4873938,High-EV-Adoption-States,4-Wheelers
10,2,2,25,0.3840656,Forecast,0.7681312,Moderate-EV-Adoption-States,4-Wheelers
10,1,2,25,0.21938328,Forecast,0.43876656,Low-EV-Adoption-States,4-Wheelers
10,0,2,26,1.6237972,Forecast,3.2475944,High-EV-Adoption-States,4-Wheelers
10,2,2,26,1.8857903,Forecast,3.7715806,Moderate-EV-Adoption-States,4-Wheelers
10,1,2,26,0.82450426,Forecast,1.64900852,Low-EV-Adoption-States,4-Wheelers
10,0,4,27,0.019486656,Forecast,0.038973312,High-EV-Adoption-States,Others
10,2,4,27,-0.009001858,Forecast,-0.018003716,Moderate-EV-Adoption-States,Others
10,1,4,27,-0.020325001,Forecast,-0.040650002,Low-EV-Adoption-States,Others
10,0,1,28,2.5344124,Forecast,5.0688248,High-EV-Adoption-States,3-Wheelers
10,2,1,28,2.162167,Forecast,4.324334,Moderate-EV-Adoption-States,3-Wheelers
10,1,1,28,2.0694478,Forecast,4.1388956,Low-EV-Adoption-States,3-Wheelers
10,0,1,29,3.3295248,Forecast,6.6590496,High-EV-Adoption-States,3-Wheelers
10,2,1,29,3.057686,Forecast,6.115372,Moderate-EV-Adoption-States,3-Wheelers
10,1,1,29,3.2376516,Forecast,6.4753032,Low-EV-Adoption-States,3-Wheelers
10,0,1,30,3.3595757,Forecast,6.7191514,High-EV-Adoption-States,3-Wheelers
10,2,1,30,1.6670818,Forecast,3.3341636,Moderate-EV-Adoption-States,3-Wheelers
10,1,1,30,1.1310201,Forecast,2.2620402,Low-EV-Adoption-States,3-Wheelers
10,0,4,31,0.20031181,Forecast,0.40062362,High-EV-Adoption-States,Others
10,2,4,31,0.056083497,Forecast,0.112166994,Moderate-EV-Adoption-States,Others
10,1,4,31,0.023590932,Forecast,0.047181864,Low-EV-Adoption-States,Others
11,0,4,0,0.23120688,Forecast,0.46241376,High-EV-Adoption-States,Others
11,2,4,0,0.21077296,Forecast,0.42154592,Moderate-EV-Adoption-States,Others
11,1,4,0,0.21867804,Forecast,0.43735608,Low-EV-Adoption-States,Others
11,0,4,1,0.009468202,Forecast,0.018936404,High-EV-Adoption-States,Others
11,2,4,1,0.02923867,Forecast,0.05847734,Moderate-EV-Adoption-States,Others
11,1,4,1,0.034635235,Forecast,0.06927047,Low-EV-Adoption-States,Others
11,0,4,2,0.16394271,Forecast,0.32788542,High-EV-Adoption-States,Others
11,2,4,2,0.13781853,Forecast,0.27563706,Moderate-EV-Adoption-States,Others
11,1,4,2,0.17494516,Forecast,0.34989032,Low-EV-Adoption-States,Others
11,0,4,3,0.6599712,Forecast,1.3199424,High-EV-Adoption-States,Others
11,2,4,3,0.50451535,Forecast,1.0090307,Moderate-EV-Adoption-States,Others
11,1,4,3,0.54232925,Forecast,1.0846585,Low-EV-Adoption-States,Others
11,0,3,4,-0.5899101,Forecast,-1.1798202,High-EV-Adoption-States,Bus
11,2,3,4,0.836619,Forecast,1.673238,Moderate-EV-Adoption-States,Bus
11,1,3,4,-0.059577286,Forecast,-0.119154572,Low-EV-Adoption-States,Bus
11,0,4,5,0.6638072,Forecast,1.3276144,High-EV-Adoption-States,Others
11,2,4,5,0.58963007,Forecast,1.17926014,Moderate-EV-Adoption-States,Others
11,1,4,5,0.6182797,Forecast,1.2365594,Low-EV-Adoption-States,Others
11,0,4,6,1.1092976,Forecast,2.2185952,High-EV-Adoption-States,Others
11,2,4,6,0.43246162,Forecast,0.86492324,Moderate-EV-Adoption-States,Others
11,1,4,6,0.46111137,Forecast,0.92222274,Low-EV-Adoption-States,Others
11,0,3,9,0.47232512,Forecast,0.94465024,High-EV-Adoption-States,Bus
11,2,3,9,0.05837434,Forecast,0.11674868,Moderate-EV-Adoption-States,Bus
11,1,3,9,0.119399235,Forecast,0.23879847,Low-EV-Adoption-States,Bus
11,0,1,8,1.2245601,Forecast,2.4491202,High-EV-Adoption-States,3-Wheelers
11,2,1,8,0.1942143,Forecast,0.3884286,Moderate-EV-Adoption-States,3-Wheelers
11,1,1,8,-0.17566074,Forecast,-0.35132148,Low-EV-Adoption-States,3-Wheelers
11,0,1,7,1.4649208,Forecast,2.9298416,High-EV-Adoption-States,3-Wheelers
11,2,1,7,1.2579608,Forecast,2.5159216,Moderate-EV-Adoption-States,3-Wheelers
11,1,1,7,1.2238706,Forecast,2.4477412,Low-EV-Adoption-States,3-Wheelers
11,0,4,10,0.08010658,Forecast,0.16021316,High-EV-Adoption-States,Others
11,2,4,10,0.09033129,Forecast,0.18066258,Moderate-EV-Adoption-States,Others
11,1,4,10,0.105954394,Forecast,0.211908788,Low-EV-Adoption-States,Others
11,0,4,11,0.20066456,Forecast,0.40132912,High-EV-Adoption-States,Others
11,2,4,11,0.14785458,Forecast,0.29570916,Moderate-EV-Adoption-States,Others
11,1,4,11,0.17348982,Forecast,0.34697964,Low-EV-Adoption-States,Others
11,0,2,12,3.3660448,Forecast,6.7320896,High-EV-Adoption-States,4-Wheelers
11,2,2,12,0.88330466,Forecast,1.76660932,Moderate-EV-Adoption-States,4-Wheelers
11,1,2,12,0.59306043,Forecast,1.18612086,Low-EV-Adoption-States,4-Wheelers
11,0,2,15,0.43770018,Forecast,0.87540036,High-EV-Adoption-States,4-Wheelers
11,2,2,15,1.2252393,Forecast,2.4504786,Moderate-EV-Adoption-States,4-Wheelers
11,1,2,15,0.21578556,Forecast,0.43157112,Low-EV-Adoption-States,4-Wheelers
11,0,0,13,2.1340578,Forecast,4.2681156,High-EV-Adoption-States,2-Wheelers
11,2,0,13,1.72849,Forecast,3.45698,Moderate-EV-Adoption-States,2-Wheelers
11,1,0,13,0.5756486,Forecast,1.1512972,Low-EV-Adoption-States,2-Wheelers
11,0,0,14,-0.12334481,Forecast,-0.24668962,High-EV-Adoption-States,2-Wheelers
11,2,0,14,0.27080333,Forecast,0.54160666,Moderate-EV-Adoption-States,2-Wheelers
11,1,0,14,-0.7517429,Forecast,-1.5034858,Low-EV-Adoption-States,2-Wheelers
11,0,4,16,-0.057333894,Forecast,-0.114667788,High-EV-Adoption-States,Others
11,2,4,16,0.008348106,Forecast,0.016696212,Moderate-EV-Adoption-States,Others
11,1,4,16,0.033786744,Forecast,0.067573488,Low-EV-Adoption-States,Others
11,0,0,17,1.573688,Forecast,3.147376,High-EV-Adoption-States,2-Wheelers
11,2,0,17,1.5855241,Forecast,3.1710482,Moderate-EV-Adoption-States,2-Wheelers
11,1,0,17,1.643174,Forecast,3.286348,Low-EV-Adoption-States,2-Wheelers
11,0,2,18,3.2719727,Forecast,6.5439454,High-EV-Adoption-States,4-Wheelers
11,2,2,18,1.5687745,Forecast,3.137549,Moderate-EV-Adoption-States,4-Wheelers
11,1,2,18,0.84951764,Forecast,1.69903528,Low-EV-Adoption-States,4-Wheelers
11,0,2,19,0.9221946,Forecast,1.8443892,High-EV-Adoption-States,4-Wheelers
11,2,2,19,0.42707664,Forecast,0.85415328,Moderate-EV-Adoption-States,4-Wheelers
11,1,2,19,0.21175447,Forecast,0.42350894,Low-EV-Adoption-States,4-Wheelers
11,0,0,20,-0.019406566,Forecast,-0.038813132,High-EV-Adoption-States,2-Wheelers
11,2,0,20,0.98994243,Forecast,1.97988486,Moderate-EV-Adoption-States,2-Wheelers
11,1,0,20,-0.17755619,Forecast,-0.35511238,Low-EV-Adoption-States,2-Wheelers
11,0,0,21,2.40654,Forecast,4.81308,High-EV-Adoption-States,2-Wheelers
11,2,0,21,1.6433022,Forecast,3.2866044,Moderate-EV-Adoption-States,2-Wheelers
11,1,0,21,1.2584869,Forecast,2.5169738,Low-EV-Adoption-States,2-Wheelers
11,0,0,22,0.50946534,Forecast,1.01893068,High-EV-Adoption-States,2-Wheelers
11,2,0,22,0.9907565,Forecast,1.981513,Moderate-EV-Adoption-States,2-Wheelers
11,1,0,22,1.0462376,Forecast,2.0924752,Low-EV-Adoption-States,2-Wheelers
11,0,3,23,-1.038489,Forecast,-2.076978,High-EV-Adoption-States,Bus
11,2,3,23,-0.60580003,Forecast,-1.21160006,Moderate-EV-Adoption-States,Bus
11,1,3,23,-0.80482954,Forecast,-1.60965908,Low-EV-Adoption-States,Bus
11,0,2,24,0.5538467,Forecast,1.1076934,High-EV-Adoption-States,4-Wheelers
11,2,2,24,-0.047924753,Forecast,-0.095849506,Moderate-EV-Adoption-States,4-Wheelers
11,1,2,24,-0.24243997,Forecast,-0.48487994,Low-EV-Adoption-States,4-Wheelers
11,0,2,25,1.234766,Forecast,2.469532,High-EV-Adoption-States,4-Wheelers
11,2,2,25,0.2135425,Forecast,0.427085,Moderate-EV-Adoption-States,4-Wheelers
11,1,2,25,0.07578462,Forecast,0.15156924,Low-EV-Adoption-States,4-Wheelers
11,0,2,26,0.827703,Forecast,1.655406,High-EV-Adoption-States,4-Wheelers
11,2,2,26,1.2803671,Forecast,2.5607342,Moderate-EV-Adoption-States,4-Wheelers
11,1,2,26,0.2564551,Forecast,0.5129102,Low-EV-Adoption-States,4-Wheelers
11,0,4,27,-0.048333712,Forecast,-0.096667424,High-EV-Adoption-States,Others
11,2,4,27,0.005903496,Forecast,0.011806991,Moderate-EV-Adoption-States,Others
11,1,4,27,0.036778554,Forecast,0.073557108,Low-EV-Adoption-States,Others
11,0,1,28,1.7476683,Forecast,3.4953366,High-EV-Adoption-States,3-Wheelers
11,2,1,28,1.8846958,Forecast,3.7693916,Moderate-EV-Adoption-States,3-Wheelers
11,1,1,28,1.9020076,Forecast,3.8040152,Low-EV-Adoption-States,3-Wheelers
11,0,1,29,2.4835687,Forecast,4.9671374,High-EV-Adoption-States,3-Wheelers
11,2,1,29,2.572851,Forecast,5.145702,Moderate-EV-Adoption-States,3-Wheelers
11,1,1,29,2.8356788,Forecast,5.6713576,Low-EV-Adoption-States,3-Wheelers
11,0,1,30,2.0842977,Forecast,4.1685954,High-EV-Adoption-States,3-Wheelers
11,2,1,30,0.69222474,Forecast,1.38444948,Moderate-EV-Adoption-States,3-Wheelers
11,1,1,30,0.3118136,Forecast,0.6236272,Low-EV-Adoption-States,3-Wheelers
11,0,4,31,0.26144245,Forecast,0.5228849,High-EV-Adoption-States,Others
11,2,4,31,0.061559614,Forecast,0.123119228,Moderate-EV-Adoption-States,Others
11,1,4,31,0.20884681,Forecast,0.41769362,Low-EV-Adoption-States,Others
12,0,4,0,-0.014140231,Forecast,-0.028280462,High-EV-Adoption-States,Others
12,2,4,0,0.036066946,Forecast,0.072133892,Moderate-EV-Adoption-States,Others
12,1,4,0,-0.025304705,Forecast,-0.05060941,Low-EV-Adoption-States,Others
12,0,4,1,-0.090933025,Forecast,-0.18186605,High-EV-Adoption-States,Others
12,2,4,1,0.029606521,Forecast,0.059213042,Moderate-EV-Adoption-States,Others
12,1,4,1,-0.06201413,Forecast,-0.12402826,Low-EV-Adoption-States,Others
12,0,4,2,-0.042354356,Forecast,-0.084708712,High-EV-Adoption-States,Others
12,2,4,2,0.0913981,Forecast,0.1827962,Moderate-EV-Adoption-States,Others
12,1,4,2,-0.011527668,Forecast,-0.023055336,Low-EV-Adoption-States,Others
12,0,4,3,0.1602228,Forecast,0.3204456,High-EV-Adoption-States,Others
12,2,4,3,0.16606627,Forecast,0.33213254,Moderate-EV-Adoption-States,Others
12,1,4,3,0.069226116,Forecast,0.138452232,Low-EV-Adoption-States,Others
12,0,3,4,-0.27947998,Forecast,-0.55895996,High-EV-Adoption-States,Bus
12,2,3,4,1.1269646,Forecast,2.2539292,Moderate-EV-Adoption-States,Bus
12,1,3,4,0.13723874,Forecast,0.27447748,Low-EV-Adoption-States,Bus
12,0,4,5,0.01782217,Forecast,0.03564434,High-EV-Adoption-States,Others
12,2,4,5,0.045455284,Forecast,0.090910568,Moderate-EV-Adoption-States,Others
12,1,4,5,0.010376662,Forecast,0.020753324,Low-EV-Adoption-States,Others
12,0,4,6,0.8883627,Forecast,1.7767254,High-EV-Adoption-States,Others
12,2,4,6,0.24524026,Forecast,0.49048052,Moderate-EV-Adoption-States,Others
12,1,4,6,0.20772107,Forecast,0.41544214,Low-EV-Adoption-States,Others
12,0,3,9,0.5342234,Forecast,1.0684468,High-EV-Adoption-States,Bus
12,2,3,9,0.20294528,Forecast,0.40589056,Moderate-EV-Adoption-States,Bus
12,1,3,9,0.11416321,Forecast,0.22832642,Low-EV-Adoption-States,Bus
12,0,1,8,1.3850206,Forecast,2.7700412,High-EV-Adoption-States,3-Wheelers
12,2,1,8,0.5065998,Forecast,1.0131996,Moderate-EV-Adoption-States,3-Wheelers
12,1,1,8,-0.22874783,Forecast,-0.45749566,Low-EV-Adoption-States,3-Wheelers
12,0,1,7,1.3111464,Forecast,2.6222928,High-EV-Adoption-States,3-Wheelers
12,2,1,7,1.3069906,Forecast,2.6139812,Moderate-EV-Adoption-States,3-Wheelers
12,1,1,7,1.1039145,Forecast,2.207829,Low-EV-Adoption-States,3-Wheelers
12,0,4,10,-0.07883149,Forecast,-0.15766298,High-EV-Adoption-States,Others
12,2,4,10,0.03311503,Forecast,0.06623006,Moderate-EV-Adoption-States,Others
12,1,4,10,-0.048724033,Forecast,-0.097448066,Low-EV-Adoption-States,Others
12,0,4,11,-0.024897536,Forecast,-0.049795072,High-EV-Adoption-States,Others
12,2,4,11,0.008237246,Forecast,0.016474491,Moderate-EV-Adoption-States,Others
12,1,4,11,-0.033815887,Forecast,-0.067631774,Low-EV-Adoption-States,Others
12,0,2,12,3.3583803,Forecast,6.7167606,High-EV-Adoption-States,4-Wheelers
12,2,2,12,0.7966347,Forecast,1.5932694,Moderate-EV-Adoption-States,4-Wheelers
12,1,2,12,0.4066296,Forecast,0.8132592,Low-EV-Adoption-States,4-Wheelers
12,0,2,15,0.6061127,Forecast,1.2122254,High-EV-Adoption-States,4-Wheelers
12,2,2,15,1.4116862,Forecast,2.8233724,Moderate-EV-Adoption-States,4-Wheelers
12,1,2,15,0.22238892,Forecast,0.44477784,Low-EV-Adoption-States,4-Wheelers
12,0,0,13,3.6461127,Forecast,7.2922254,High-EV-Adoption-States,2-Wheelers
12,2,0,13,3.0151277,Forecast,6.0302554,Moderate-EV-Adoption-States,2-Wheelers
12,1,0,13,1.2307273,Forecast,2.4614546,Low-EV-Adoption-States,2-Wheelers
12,0,0,14,0.56405866,Forecast,1.12811732,High-EV-Adoption-States,2-Wheelers
12,2,0,14,1.2024287,Forecast,2.4048574,Moderate-EV-Adoption-States,2-Wheelers
12,1,0,14,-0.724553,Forecast,-1.449106,Low-EV-Adoption-States,2-Wheelers
12,0,4,16,-0.030109761,Forecast,-0.060219522,High-EV-Adoption-States,Others
12,2,4,16,0.028462311,Forecast,0.056924622,Moderate-EV-Adoption-States,Others
12,1,4,16,-0.003000733,Forecast,-0.006001466,Low-EV-Adoption-States,Others
12,0,0,17,2.403852,Forecast,4.807704,High-EV-Adoption-States,2-Wheelers
12,2,0,17,1.963549,Forecast,3.927098,Moderate-EV-Adoption-States,2-Wheelers
12,1,0,17,1.7861508,Forecast,3.5723016,Low-EV-Adoption-States,2-Wheelers
12,0,2,18,2.8857613,Forecast,5.7715226,High-EV-Adoption-States,4-Wheelers
12,2,2,18,1.5446225,Forecast,3.089245,Moderate-EV-Adoption-States,4-Wheelers
12,1,2,18,0.5078911,Forecast,1.0157822,Low-EV-Adoption-States,4-Wheelers
12,0,2,19,0.81412804,Forecast,1.62825608,High-EV-Adoption-States,4-Wheelers
12,2,2,19,0.38203588,Forecast,0.76407176,Moderate-EV-Adoption-States,4-Wheelers
12,1,2,19,6.09E-05,Forecast,0.000121701,Low-EV-Adoption-States,4-Wheelers
12,0,0,20,1.6188633,Forecast,3.2377266,High-EV-Adoption-States,2-Wheelers
12,2,0,20,2.627756,Forecast,5.255512,Moderate-EV-Adoption-States,2-Wheelers
12,1,0,20,0.7019989,Forecast,1.4039978,Low-EV-Adoption-States,2-Wheelers
12,0,0,21,3.635342,Forecast,7.270684,High-EV-Adoption-States,2-Wheelers
12,2,0,21,2.575423,Forecast,5.150846,Moderate-EV-Adoption-States,2-Wheelers
12,1,0,21,1.7941656,Forecast,3.5883312,Low-EV-Adoption-States,2-Wheelers
12,0,0,22,1.3203024,Forecast,2.6406048,High-EV-Adoption-States,2-Wheelers
12,2,0,22,1.4901437,Forecast,2.9802874,Moderate-EV-Adoption-States,2-Wheelers
12,1,0,22,1.2912637,Forecast,2.5825274,Low-EV-Adoption-States,2-Wheelers
12,0,3,23,-0.59666497,Forecast,-1.19332994,High-EV-Adoption-States,Bus
12,2,3,23,-0.23547637,Forecast,-0.47095274,Moderate-EV-Adoption-States,Bus
12,1,3,23,-0.511299,Forecast,-1.022598,Low-EV-Adoption-States,Bus
12,0,2,24,0.53556657,Forecast,1.07113314,High-EV-Adoption-States,4-Wheelers
12,2,2,24,0.05106053,Forecast,0.10212106,Moderate-EV-Adoption-States,4-Wheelers
12,1,2,24,-0.2952429,Forecast,-0.5904858,Low-EV-Adoption-States,4-Wheelers
12,0,2,25,1.2383384,Forecast,2.4766768,High-EV-Adoption-States,4-Wheelers
12,2,2,25,0.04200344,Forecast,0.08400688,Moderate-EV-Adoption-States,4-Wheelers
12,1,2,25,-0.20288454,Forecast,-0.40576908,Low-EV-Adoption-States,4-Wheelers
12,0,2,26,0.84242463,Forecast,1.68484926,High-EV-Adoption-States,4-Wheelers
12,2,2,26,1.4449337,Forecast,2.8898674,Moderate-EV-Adoption-States,4-Wheelers
12,1,2,26,0.24387074,Forecast,0.48774148,Low-EV-Adoption-States,4-Wheelers
12,0,4,27,0.05068737,Forecast,0.10137474,High-EV-Adoption-States,Others
12,2,4,27,0.025572723,Forecast,0.051145446,Moderate-EV-Adoption-States,Others
12,1,4,27,0.06705117,Forecast,0.13410234,Low-EV-Adoption-States,Others
12,0,1,28,1.7343607,Forecast,3.4687214,High-EV-Adoption-States,3-Wheelers
12,2,1,28,1.7756312,Forecast,3.5512624,Moderate-EV-Adoption-States,3-Wheelers
12,1,1,28,1.6795954,Forecast,3.3591908,Low-EV-Adoption-States,3-Wheelers
12,0,1,29,2.5854142,Forecast,5.1708284,High-EV-Adoption-States,3-Wheelers
12,2,1,29,2.8265727,Forecast,5.6531454,Moderate-EV-Adoption-States,3-Wheelers
12,1,1,29,2.7517786,Forecast,5.5035572,Low-EV-Adoption-States,3-Wheelers
12,0,1,30,2.62012,Forecast,5.24024,High-EV-Adoption-States,3-Wheelers
12,2,1,30,1.0901232,Forecast,2.1802464,Moderate-EV-Adoption-States,3-Wheelers
12,1,1,30,0.37507722,Forecast,0.75015444,Low-EV-Adoption-States,3-Wheelers
12,0,4,31,0.14065506,Forecast,0.28131012,High-EV-Adoption-States,Others
12,2,4,31,0.118425004,Forecast,0.236850008,Moderate-EV-Adoption-States,Others
12,1,4,31,-0.03728004,Forecast,-0.07456008,Low-EV-Adoption-States,Others
